Issue key,Issue id,Status,Created,Creator,Updated,Assignee,Summary,Custom field (How It Happened? ( Root Cause)),Custom field (How I Fixed (Resolution Provided)),Environment,Custom field (Test Type),Custom field (Feature Link),Custom field (Closed Date),Custom field (Defect Type)
INSBBOS-550,357651,Closed,12/6/2023 8:51,463021,13/6/2023 16:20,463021,[QUEST-6701/QUEST-8449/INSBBOS-550] #Defect 4: Jenkin Job could not be found for Motor Others,This CR testing does not involve Motor-Others to be done in Diamond,Test Cases has been changed to Motor from Motor-Others,,UAT,INSBBOS-318,13/6/2023 16:20,Program Error
INSBFOS-1404,367678,Closed,6/7/2023 14:00,463021,8/7/2023 2:02,463021,[QUEST-11345/INSBFOS-1404] #Defect 1: Diamond could not issue cover note,DB scripts are not available in database level.,Executed required DB script related to marine consignee CR.,,Operation Readiness Test (ORT),INSBFOS-1213,7/7/2023 17:40,Program Error
INSBBOS-546,353667,Closed,6/6/2023 11:14,463021,12/6/2023 10:17,463021,[QUEST-6701/QUEST-8449/INSBBOS-546] #Defect 2: Cover note generated in Diamond failed to integrate to GIS (CVC),It is due to GIS DB password expired. Its not an issue, SA to change the password,,UAT,INSBBOS-318,12/6/2023 10:17,Program Error
INSBBOS-509,346162,Closed,23/5/2023 10:29,463021,12/6/2023 11:18,C005013,[QUEST-6701/QUEST-8449/INSBBOS-509] #Defect 1: Cover note generated in Diamond failed to integrate to GIS,The integration job couldn’t able to succeed as there is difference in column mapping in GIS side,recompile the program to let the table structure sync back to diamond,,UAT,INSBBOS-318,12/6/2023 11:18,Program Error
INSBBOS-578,374635,Closed,25/7/2023 9:58,463021,27/7/2023 17:13,C005013,[QUEST-6701/QUEST-8449/INSBBOS-578] #Defect 1: Error code in GIS,comp file have missing program (4go).,recompile the auto endorsement program.,,Operation Readiness Test (ORT),INSBBOS-318,27/7/2023 17:13,Program Error
INSBFOS-1351,358733,Closed,14/6/2023 16:06,463020,21/6/2023 14:20,463020,[QUEST-7246/INSBFOS-1351] #Defect 9: CBC Direct Report Column Name Not Changed,"As per the latest requirement CBC direct report column name 'Transaction Type' is need to change in grid, print and export to excel.","Changed as per the latest requirement CBC direct report column name s 'Transaction Type' in grid, print and export to excel.
",,UAT,INSBFOS-643,21/6/2023 14:20,Parameter/Setup Error
INSBBOS-496,339026,Closed,11/5/2023 8:24,462962,15/6/2023 14:32,462962,[QUEST-9617/INSBBOS-496] #Defect 3: Incorrect area for area code transition case (New Endorsement CN Issuance),"During endorsement policy loading, the area code has been reset and the latest area code from setup was fetched and passed to the rule engine.",Modified the program to send the actual area code to the rule engine during Endorsement policy search.,,Operation Readiness Test (ORT),INSBFOS-941,15/5/2023 11:57,Data mapping error
INSBFOS-1225,341219,Closed,15/5/2023 18:24,462962,15/6/2023 14:38,462962,[QUEST-9617/INSBFOS-1225] #Defect 5: Unable to Proceed Renewal ,"1.	Dirty testing data cause the integration process not able to get full set of data during the process.
2.	Jenkins configuration issue. 
","1.	Delete the dirty testing data based on the script provided by KG. 
2.	Reconfigure the Jenkins job setting.
",,Operation Readiness Test (ORT),INSBFOS-941,22/5/2023 13:14,Parameter/Setup Error
INSBFOS-1211,339648,Closed,11/5/2023 17:15,462962,15/6/2023 14:35,C006616,[QUEST-9617/INSBFOS-1211] #Defect 4: Endorsement Description Staging Record Not Found,"Based on the Production data, insert script is provided for the master table 'EIS_MST_OTS_VEH_MODEL_GROUP' for this CR. As per Production data, 94 is the max Model Group id and hence we prepared script starting from id 95 with the model group description 'TOP 10_Perodua Myvi'. But in regression since for id 95 already a record exists with different model group description, duplicate record inserted during integration.","The below script can be executed to remove the duplicate model group from master table. 

DELETE FROM EIS_MST_OTS_VEH_MODEL_GROUP WHERE VCH_MODEL_GROUP_CODE = '95';
COMMIT;
",,Operation Readiness Test (ORT),INSBFOS-941,15/5/2023 11:58,Duplicate Error
INSBBOS-568,369431,Closed,11/7/2023 15:12,462811,24/7/2023 9:30,462811,"[QUEST-11548/INSBBOS-568] #Defect 1: Campaign SMS - Agent Maintenance Modify screen when press ""F2"" not function","during modification after user commit, should allow modification","apply logic when ""commit"" command, allow to perform modification",,UAT,INSBBOS-513,24/7/2023 9:28,Program Error
INSBBOS-575,373919,Closed,21/7/2023 16:30,462811,26/7/2023 8:14,462811,[QUEST-11548/INSBBOS-575] #Defect 4: Unable to get SMS,selection criteria not able to extract the record,to fix criteria on selection to be able pick the record,,UAT,INSBBOS-513,26/7/2023 8:14,Program Error
INSBFOS-1354,358888,Closed,15/6/2023 8:56,462811,21/6/2023 14:01,462811,[QUEST-7246/INSBFOS-1354] #Defect 11: Incorrect Quick Approve Refer Risk CBC pop-up message content,"In existing code cover note type condition is not checked for motor and endorsement. So, it displays wrong pop-up message content in quick approve refer risk.",New condition has been changed now able to display correct pop-up message content in quick approve refer risk.,,UAT,INSBFOS-643,21/6/2023 14:01,Design Error
INSBFOS-1352,358777,Closed,14/6/2023 17:10,462811,23/6/2023 22:30,462811,[QUEST-7246/INSBFOS-1352] #Defect 10: CBC Direct Report does not have endorsement record,"Package is not executed in CBC UAT Environment. So, unable to displayed endorsement records in CBC Direct Report.",Request to execute the package in CBC UAT Environment then CBC Direct Report is working fine.,,UAT,INSBFOS-643,23/6/2023 22:30,Program Error
INSBFOS-1333,355928,Closed,8/6/2023 10:00,462962,15/6/2023 14:48,C006616,[QUEST-7246/INSBFOS-1333] #Defect 5: Cover Note Not Integrated to GIS,The newly created agent code is required to create in GIS as well.,To create the same agent code in GIS which was newly created in Diamond. ,,UAT,INSBFOS-643,8/6/2023 11:33,Parameter/Setup Error
INSBFOS-1472,373594,Closed,21/7/2023 9:31,462811,1/8/2023 9:32,462811,[QUEST-11548/INSBBOS-1472] #Defect 3: Cannot proceed to the next screen in Online Insurance,New Diamond UAT Environment blocked by Firewall,Firewall access requested ,,UAT,INSBBOS-513,1/8/2023 9:32,Environment Error
INSBFOS-1313,350103,Closed,30/5/2023 12:29,462962,15/6/2023 14:41,C006616,[QUEST-11670/INSBFOS-1313] #Defect 2: Incorrect Area Code for Convert to Fleet Policy from Quotation Fleet Policy,"Area code is not fetched from the master policy quotation when it converts to cover note or update mode through client profile options. So, the new area code is set to master policy cover notes.

It was missed in the program logic for the master policy cover note in convert/update Master Policy QN from client profile option.",Modified the program to send the actual area code to the rule engine during master policy convert to covernote or update mode through client profile options.,,Operation Readiness Test (ORT),INSBFOS-1188,31/5/2023 17:50,Data mapping error
INSBFOS-1383,363257,Closed,23/6/2023 21:59,462962,3/7/2023 14:39,C006616,[QUEST-7246/INSBFOS-1383] #Defect 17: 'Submission Pending' status Cover Note Not listed in CBC Block Transaction Email,"The Block Transaction Email was checked when the 'Submission Pending' status cover note is still not blocked as grace period is considered, so it will not be listed in the Email.","Check the Block Transaction Email after the 'Submission Pending' status cover note is blocked, which is after grace period, then it will be listed in the Email",,,INSBFOS-643,3/7/2023 14:39,Clarification
INSBFOS-1384,363292,Closed,24/6/2023 22:15,462962,3/7/2023 14:38,C006616,[QUEST-7246/INSBFOS-1384] #Defect 18: Block Transaction Email consists of 'Submitted' status Cover Notes when doing Renewal case,"Based on the analysis, In select query for Email, we miss to considered the Status(Blocked or Release)'CHR_ACTIVE_STATUS' column in EIS_TRN_CBC_MANUAL_BLOCK table.
So, CBC Block Email sent, wrongly attaching already submitted cover notes to respective blocked Intermediaries.","Change the query to considered the Status(Blocked or Release)'CHR_ACTIVE_STATUS' column in EIS_TRN_CBC_MANUAL_BLOCK table. When status is 'Released'
CBC Block Email won't attaching the already submitted cover notes to respective blocked Intermediaries.
",,,INSBFOS-643,3/7/2023 14:38,Design Error
INSBFOS-1423,369972,Closed,12/7/2023 17:28,462962,17/7/2023 18:29,462962,[QUEST-7246/INSBFOS-1423] #Defect 1: Endorsement Cover Note with ZERO PREMIUM/REFUND PREMIUM Unable to be listed in Second Grid in CBC Reports - Submission Report for All Channel,"In existing query condition is wrongly checked So, unable to load the endorsement Refund Premium/Zero Premium cover note details in second grid.",Data loading query has been changed now to load the endorsement Refund Premium/Zero Premium cover note details in second grid.,,Operation Readiness Test (ORT),INSBFOS-643,17/7/2023 18:29,Data mapping error
INSBFOS-1380,363254,Closed,23/6/2023 21:27,462962,26/6/2023 19:46,C006616,[QUEST-7246/INSBFOS-1380] #Defect 14: Payment Reminder Email/SMS not received on last day of days allowed for payment before CBC Block,The Payment Reminder Email/SMS will not be received on the last day of days allowed but instead it was sent on the last day of grace period when the intermediary have one cover note 'Submission Pending' status because grace period will be considered.,Payment Reminder Email/SMS should be checked on the last day of grace period.,,UAT,INSBFOS-643,26/6/2023 19:46,Clarification
INSBFOS-1363,358969,Closed,15/6/2023 11:06,462962,4/7/2023 11:33,C006616,"[QUEST-7246/INSBFOS-1363] #Defect 12: CBC Non Compliance Summary Report ""Accepted by JPJ On"" column is empty","System will not display data under ""Accepted by JPJ On"" when there is a manual update happens. 
It will display ""Accepted by JPJ On"" only when there is a job/automatic update happens. 
Also, for Non JPJ Endorsement type covernotes system will not be considered JPJ Status so it wont display under ""Accepted by JPJ On"" column.","Since Manual Update JPJ will not have data displayed under ""Accepted by JPJ On"" column, the JPJ UAT in the environment needs to be enabled and have connection. After the JPJ connection is up, JPJ Test Data will be required when do testing so that the JPJ Status can be updated to ""Accepted by JPJ"" and the ""Accepted by JPJ On"" column will have data.",,UAT,INSBFOS-643,4/7/2023 11:33,Data Error
INSBFOS-1382,363256,Closed,23/6/2023 21:52,462962,26/6/2023 19:49,462962,[QUEST-7246/INSBFOS-1382] #Defect 16: Submitted Cover Note Listed in CBC Block Transaction Email,"Based on the analysis, In select query for Email, we miss to considered the Status(Blocked or Release)'CHR_ACTIVE_STATUS' column in EIS_TRN_CBC_MANUAL_BLOCK table.
So, CBC Block Email sent, wrongly attaching already submitted cover notes to respective blocked Intermediaries.","Change the query to considered the Status(Blocked or Release)'CHR_ACTIVE_STATUS' column in EIS_TRN_CBC_MANUAL_BLOCK table. When the status is 'Released', so the CBC Block Email won't be attaching the already submitted cover notes to respective blocked Intermediaries.
",,,INSBFOS-643,26/6/2023 19:49,Program Error
INSBBOS-589,376863,Closed,28/7/2023 16:33,462811,1/8/2023 9:50,462811,[QUEST-11548/INSBBOS-589] #Defect 8: Unable receive SMS after do Renewal Case,didn't handle renewal policy,to handle renewal policy,,UAT,INSBBOS-513,1/8/2023 9:50,Program Error
INSBBOS-579,374733,Closed,25/7/2023 11:47,462811,26/7/2023 8:49,462811,[QUEST-11548/INSBBOS-579] #Defect 6: Using office number Issue CN and not record in SMS Blast Enquiry,not able to extract policy detail for endorsement,to able handle policy and endorsement together,,UAT,INSBBOS-513,26/7/2023 8:49,Program Error
INSBBOS-577,374336,Closed,24/7/2023 16:17,462811,26/7/2023 8:49,462811,[QUEST-11548/INSBBOS-577] #Defect 5: Did not set the Agent Code in Agent Maintenance Screen but still get SMS,filter criteria not able to exclude agent not in setup.,filter criteria corrected,,UAT,INSBBOS-513,26/7/2023 8:49,Program Error
INSBBOS-580,374910,Closed,25/7/2023 15:38,463346,1/8/2023 10:55,C006616,[QUEST-11548/INSBBOS-580] #Defect 7: Phone Number with more than 10 digits are not recognized by the system,for endorsement not able to extract proposal/covernote detail.,"for endorsement, need to extract policy level detail for proposal/covernote detail",,UAT,INSBBOS-513,1/8/2023 10:55,Program Error
INSBFOS-1371,361984,Closed,21/6/2023 16:41,462883,24/6/2023 2:02,462883,[Quest-5849/INSBFOS-450/INSBFOS-1371]Defect 06: Pop-Up Message Shown When Transaction Is Selected To Make Payment,"This is existing production behavior, not defect. Paid CN cannot be paid second time in eSOA screen.",No action is required. this is reject defect,,UAT,INSBFOS-450,23/6/2023 15:04,Others
INSBFOS-1369,360973,Closed,20/6/2023 11:22,462883,26/6/2023 12:10,462883,[Quest-5849/INSBFOS-450/INSBFOS-1369]Defect 05: Unable To Make Payment For Transactions With Net Due Amount > RM0,"Due to matched policies were not displayed in Ascending order(Defect#04), Grid checkbox became disabled for valid ESOA record(>RM0) and not allowed for selection.",Program logic has been modified to sorting ESOA records based on the ditm_sort_no column value and valid ESOA records become eligible for selection.,,UAT,INSBFOS-450,26/6/2023 12:10,Program Error
INSBFOS-1364,359495,Closed,16/6/2023 9:58,462883,22/6/2023 10:50,453228,[Quest-5849/INSBFOS-450/INSBFOS-1364]Defect 03: Incorrect Payment Mode Shown in Printout,If used the MPGS test card(4111 1111 1111 1111) is default to credit card ,"QA to need to use correct MPGS test card number, EG. 5555555555000018 and 4440000042200014",,UAT,INSBFOS-450,22/6/2023 10:50,Program Error
INSBFOS-1366,359730,Closed,16/6/2023 14:59,462883,26/6/2023 10:59,462883,[Quest-5849/INSBFOS-450/INSBFOS-1366]Defect 04: Matched Policies Did Not Display By Ascending Order,Program is not handled as per sorting column name updated in the latest FRS document(column name changed from ditm_item_no to ditm_sort_no) and the effective date column is null for one of the matched records which causes ascending order was not happened,Program logic has been modified to sorting ESOA records based on the ditm_sort_no column value and re-arranged columns in query which are involved for Ascending order.,,UAT,INSBFOS-450,26/6/2023 10:59,Program Error
INSBFOS-1328,354817,Closed,7/6/2023 9:08,462962,4/7/2023 11:32,409608,[QUEST-7246/INSBFOS-1328] #Defect 2: Jenkins Job 90B - Diamond Endorsement to GIS failed to build,"probably a system glitch, no fixing is required.
Just re-run the job","re-run the job, and it solved the issue",,UAT,INSBFOS-643,4/7/2023 11:32,Parameter/Setup Error
INSBFOS-1471,372521,Closed,18/7/2023 17:58,462962,19/7/2023 19:56,462962,"[QUEST-7246/INSBFOS-1471] #Defect 2: ""Submitted JPJ On"" column in CBC Direct Report have date captured for Endorsement without JPJ","In existing query wrongly fetched submission date for Non-JPJ cover note types So, ""Submitted JPJ On"" column displays date in CBC Direct Report.",Query has been changed now to display submission date only for new business and endorsement with JPJ cover notes.,,Operation Readiness Test (ORT),INSBFOS-643,19/7/2023 19:56,Design Error
INSBFOS-1381,363255,Closed,23/6/2023 21:40,462962,26/6/2023 19:58,462962,[QUEST-7246/INSBFOS-1381] #Defect 15: Grace Period is Not considered,"System will be blocked base on ""Approved"" covernote, even if there are other cover notes having 'Submission Pending' cover notes.",If grace period needs to be considered the intermediary cannot have any 'Approved' Status cover notes.,,,INSBFOS-643,26/6/2023 19:58,Design Error
INSBFOS-1329,355135,Closed,7/6/2023 11:38,462962,16/6/2023 9:27,462962,[QUEST-7246/INSBFOS-1329] #Defect 3: Intermediary Able to Issue CN after CBC Manual Block,"CBC Manual Block Setup screen to allow all source types to configure setup. But in transaction level CBC validation handled only for agent source type and is not applicable for other source types like Direct-Staff, Broker, etc.",The source type should be changed to agent or add sub user login access in order to get CBC Blocked.,,UAT,INSBFOS-643,16/6/2023 9:26,Clarification
INSBFOS-1370,361869,Closed,21/6/2023 14:42,462962,24/6/2023 2:02,C006616,[QUEST-7246/INSBFOS-1370] #Defect 13: Intermediary will be Released after CBC Block without making payment,"Due to Deployment problem in CBC UAT Environment Intermediary will be Released after CBC Block without making payment. Both wars (Old and New) were concurrently working, when we execute the oracle job Intermediary is blocked, 
Old War CBC Release Cron method executes every 5 minutes. So, it release the blocked Intermediary in EIS_TRN_CBC_MANUAL_BLOCK table.",Checked in server level and fixed by removing old war and retained new war in CBC UAT Environment and now Intermediary will be Released after CBC Block only making payment,,Unit Test,INSBFOS-643,22/6/2023 21:37,Parameter/Setup Error
INSBFOS-1336,357741,Closed,12/6/2023 10:54,462811,17/6/2023 2:05,462811,[QUEST-7246/INSBFOS-1336] #Defect 7: Unable to do Renewal,"Agent code could not define in GIS because of incorrect agent code format, so it cannot do the renewal.","After creating the correct agent code format, having 7 digits and without starting 0 and I was able to do the renewal.",,UAT,INSBFOS-643,16/6/2023 9:48,Program Error
INSBFOS-1334,356707,Closed,8/6/2023 16:56,462811,15/6/2023 15:51,C006616,[QUEST-7246/INSBFOS-1334] #Defect 6: Unable to do Sum Insured Endorsement ,"The rule engine has changed in QUEST 9617, and cannot use the existing CN to do an endorsement.","Had tried to issue a new CN, was able to make the endorsement and integrate to GIS. ",,UAT,INSBFOS-643,9/6/2023 16:55,Data Error
INSBFOS-1212,339674,Closed,11/5/2023 18:31,462587,13/5/2023 2:01,C006616,[QUEST-9617/INSBFOS-1212] #Defect 5: Area Code in GIS not tally with Request XML,Invalid defect,Invalid defect,,Operation Readiness Test (ORT),INSBFOS-941,12/5/2023 15:26,Others
INSBFOS-128,201857,Closed,25/7/2022 17:03,199622,29/11/2022 11:18,453228,To fix Diamond motor integration issue for the payment master integration failure due to database column large not enough,table column length not enough and caused transaction not able to insert.,Insert the alter script to alter table column length,,,,26/7/2022 12:27,Program Error
INSBFOS-71,190546,Closed,29/6/2022 13:51,198753,16/3/2023 10:37,198753,Production Support-Agent not receiving CBC reminder one day before it breach CBC (JB5008150 (HONG LEE AUTO ENTERPRISE ) ,,,,,,16/3/2023 10:37,
INSBFOS-139,203290,Review In progress,29/7/2022 11:09,198753,29/11/2022 11:19,401181,Production Support - PG1008110M - HAZRINAZ - Double Payment Record in Diamond ,,,,,,,Data Error
INSBFOS-1357,358923,Closed,15/6/2023 9:48,463021,20/6/2023 16:10,463021,[QUEST-11345/INSBFOS-1357] #Defect 1: Jenkin Job 154b did not capture whole data from Diamond,Issue is due to latest package is not available in this DB environment,Issue is due to latest package is not available in this DB environment,,UAT,INSBFOS-1213,20/6/2023 16:10,Parameter/Setup Error
INSBBOS-551,357968,Closed,12/6/2023 16:43,463021,14/6/2023 16:53,463021,[QUEST-6701/QUEST-8449/INSBBOS-551] #Defect 5: GIS could not receive CN issue date from Diamond (HCT),Due to QA did not run the cron job in GIS and caused on Diamond did not received active policy during the New Business,Retry the test case with running the cron job in GIS,,UAT,INSBBOS-318,14/6/2023 16:53,Others
INSBBOS-549,357110,Closed,9/6/2023 10:19,463021,12/6/2023 11:18,C005013,[QUEST-6701/QUEST-8449/INSBBOS-549] #Defect 3: Endorsement done in Diamond and integrated to GIS but Endorsement No. could not be found,Program show stopper when running integration,recompile and clear the existing covernoteno in UAT,,UAT,INSBBOS-318,12/6/2023 11:18,Program Error
INSBBOS-552,359789,Closed,16/6/2023 16:19,463021,28/6/2023 13:41,463021,[QUEST-6701/QUEST-8449/INSBBOS-552] #Defect 6: System allowed to perform endorsement in Diamond after completing GIS sum insured change,New enhancement to handle business logic based on previous MG/ME endorsement is done. ,New enhancement to handle business logic based on previous MG/ME endorsement is done. ,,UAT,INSBBOS-318,28/6/2023 13:41,Program Error
INSBFOS-287,218403,Closed,2/9/2022 9:16,C003999,29/11/2022 11:18,453228,[QUEST-4130][INSBFOS-56]Defect 06 : Pay by gross and Diamond PTV amount issued,"In upfront payment, payment Indicator is wrongly sent so, it displays nett payment in print",Condition has been changed now able to display correct payment type in print,,UAT,INSBFOS-56,21/9/2022 9:00,Program Error
INSBFOS-981,299106,Closed,3/3/2023 14:51,C003602,10/3/2023 11:23,C003602,[Quest-5589][INSBFOS-162] #Defect 1: Renewal status column filtering in Renewal Listing,Root Cause:  As per the request need to disable renewal status filter option in whatsapp notification centre when selecting task list,Solution:  Handled as per the request disable renewal status filter in whatsapp notification centre when selecting task list,,,INSBFOS-162,10/3/2023 11:23,Program Error
INSBFOS-484,256645,Closed,29/11/2022 9:34,C003602,3/3/2023 14:45,C003602,[Quest-5589][INSBFOS-162] #Defect 4: Unable to proceed for payment,The setting is point to MPGS test env.,Configure the MPGS point to production env.,,UAT,INSBFOS-162,22/2/2023 14:36,Program Error
INSBFOS-695,268902,Closed,3/1/2023 12:23,C003602,23/2/2023 16:29,C003602,[Quest-5589][INSBFOS-162]#Defect 6: Unable to proceed payment for Refer Risk case,"Because below type of configuration will throwing error while displaying payment page due to session data conflicts.
     MPGS_GATEWAY -> Testing URL & MPGS_PRE_AUTH_GATEWAY - Production URL

   Note: server needs to be restarted after updating configuration details.",To update production URL for both 'MPGS_GATEWAY' & 'MPGS_PRE_AUTH_GATEWAY' configuration and retry.,,Operation Readiness Test (ORT),INSBFOS-162,23/2/2023 16:29,Program Error
INSBFOS-779,278340,Closed,27/1/2023 12:49,C003602,17/2/2023 15:32,C003602,[Quest-5589][INSBFOS-162]#Defect 12: Unable to send quote to WhatsApp after deploy ,change the MediaUrl format as per given by InfoBip,limitation on WhatsApp API that mediaUrl does not support some special character '?’,,,INSBFOS-162,17/2/2023 15:28,Program Error
INSBFOS-1013,303241,Closed,10/3/2023 22:19,462811,15/3/2023 16:51,462811,[INSBFOS-723]#Defect 9:  cover note number and vehicle number blank when do Renewal with RRA as cross selling ,The program changes have been done for the requirement changes received requested by Charmaine,"Kindly generate new integration jar from below files and re-test using new cover notes.

   Branch : release/rc-1.51.0-14FEB2022
   Files: Database/PACKAGE/PKG_DI_COVERNOTE.sql
Integration/common/src/main/java/com/kgisl/nsure/integration/common/utils/ValidationUtils.java
Integration/motor_others/src/main/java/com/kgisl/nsure/integration/cn/db/MotorOthersSQL.java
Integration/motor_others_active/src/main/java/com/kgisl/nsure/integration/cn/dao/MotorOthersActiveDAOImpl.java
Integration/motor_others_renewal/src/main/java/com/kgisl/nsure/integration/cn/dao/MotorOthersRenewalDAOImpl.java",,UAT,INSBFOS-723,15/3/2023 16:51,Program Error
INSBFOS-983,300321,Closed,7/3/2023 10:45,462502,13/3/2023 17:03,462502,[INSBFOS-723]#Defect 2: Missing Details in  EPO Text File ,"While generating motor-others cover note by selecting 'Policy Source' option as a 'Other Insurance', System failed to send vehicle number and make model details to Carfix due to invalid program logic.", Program logic has been modified to send vehicle number and make model details to Carfix even for 'Other Insurance' policy source option selected.,,UAT,INSBFOS-723,13/3/2023 17:03,Program Error
INSBFOS-984,300356,Closed,7/3/2023 12:15,462502,14/3/2023 18:06,462502,[INSBFOS-723]#Defect 3: UW Remark Incorrect,New plan was not setup in GIS,Sufian had setup the new plan in GIS,,Operation Readiness Test (ORT),INSBFOS-723,14/3/2023 18:06,Program Error
INSBFOS-696,269551,Closed,4/1/2023 9:46,C003602,24/2/2023 14:55,C003602,[Quest-5589][INSBFOS-162]#Defect 7: Payment mode not updated in client profile,Stamping is not required as well for whatsapp CN,Stamping is not required as well for whatsapp CN,,Operation Readiness Test (ORT),INSBFOS-162,24/2/2023 14:55,Program Error
INSBFOS-454,251685,Closed,14/11/2022 17:44,C005922,29/11/2022 11:19,453228,[QUEST-5521/INSBFOS-186] JPJ Status shows 'Accepted by JPJ' in Client Profile,program missing handling,Changes in code level to handle this issue,,UAT,INSBFOS-186,29/11/2022 9:54,Program Error
INSBFOS-283,214730,Closed,24/8/2022 10:32,C003999,29/11/2022 11:18,453228,[QUEST-4130][INSBFOS-56]Defect 04: PTV voucher number missing on the policy schedule when payment has been submitted,"In existing code cover note status id is wrongly checked so, unable to display Ptv Voucher No in policy schedule print",Condition has been changed now able to display Ptv Voucher No in policy schedule print,,UAT,INSBFOS-56,21/9/2022 9:00,Program Error
INSBFOS-1163,327176,Closed,18/4/2023 15:11,453003,20/4/2023 9:32,453003,[Quest 9617 / INSBFOS-1163]- Defect 21 : Area code is not integrated to GIS,Integration Job which was shared is not a latest version jar. Informed vincent to generate latest jar file from release branch and retry.,Informed vincent to generate latest jar file from release branch and retry.,,,INSBFOS-941,19/4/2023 11:10,Program Error
INSBBOS-138,240792,Closed,17/10/2022 17:22,C003602,18/10/2022 11:41,C003602,[Quest-5555][INSBBOS-61][UAT] #Defect 01: Incorrect Service tax and commission ,"system will capture different version of gross premium for calculation / comparison purpose, ie. latest GP, old GP, by different GP.
different version GP will impact the amount of service tax.",assign to correct version of gross premium to calculate service tax,,UAT,INSBBOS-61,18/10/2022 11:41,Program Error
INSBFOS-135,202778,New,28/7/2022 10:44,199622,29/11/2022 11:18,401181,All MAX PA policies not invited ,,,,,,,Program Error
INSBFOS-1022,304190,Closed,13/3/2023 17:01,462502,16/3/2023 17:16,462502,(QUEST-8397)[INSBFOS-1022]#Defect 10: Unable to add UBT for endorsement ,"UBT will be listed in the Endorsement screen only when the Endorsement date is earlier than the Policy Inception Date. For the policy 'D23MPCP0233657KL', as the Inception date is '09-MAR-2023' and the Endorsement date is '13-MAR-2023', UBT will not be listed in the drop down in Endorsement screen.","No fixes, issue has been clarified.",,Operation Readiness Test (ORT),INSBFOS-723,16/3/2023 17:16,Program Error
INSBFOS-859,291617,Closed,17/2/2023 17:13,C003602,3/3/2023 22:24,C003602,[Quest-5589][INSBFOS-162]#Defect 15: IOS Screen cosmetic issue at OTP screen ,"The Bank's OTP page background style received as 'transparent'. So, when rendering OTP page consent on the top of Diamond screen, cosmetic issue occurred due to OTP screen content collide with diamond screen content .",e have overridden the OTP screen CSS by custom style added in Diamond in order displaying OTP screen content clearly. Kindly deploy latest source from RC-50 and check.,,Operation Readiness Test (ORT),INSBFOS-162,3/3/2023 22:24,UI / Cosmetic
INSBFOS-850,290437,Closed,15/2/2023 17:17,C003602,3/3/2023 22:24,C003602,[Quest-5589][INSBFOS-162]#Defect 13: Screen cosmetic issue at OTP screen,To be filled-up by developer upon fixes,We have provided fixes for cosmetic issue at OTP screen. Kindly deploy latest source from RC-50 and check.,,Operation Readiness Test (ORT),INSBFOS-162,3/3/2023 22:24,Program Error
INSBFOS-1124,321773,Closed,7/4/2023 16:11,457361,14/4/2023 9:11,C006616,[QUEST-9617|INSBFOS-1124] -defect 6:Transition Case Act premium not match PC-COMP,Incorrect model group code referred during the extraction of rating values against pricing serial number.,Modified the program to send the appropriate model group code against the pricing serial no.,,UAT,INSBFOS-941,14/4/2023 9:11,Program Error
INSBBOS-48,202993,New,28/7/2022 16:12,199622,9/8/2022 11:24,401181,EGL files for April 2022,,,,,,,Program Error
INSBFOS-480,256423,Closed,25/11/2022 17:47,461631,2/12/2022 14:01,C003602,[QUEST-6919][INSBFOS-387] #Defect 5:Unable to complete payment in OI.,wrong configuration in online insurance,configuration update,,Operation Readiness Test (ORT),INSBFOS-387,2/12/2022 14:01,Others
INSBFOS-289,218421,Closed,2/9/2022 9:36,C003999,29/11/2022 11:18,453228,[QUEST-4130][INSBFOS-56]Defect 08 : Diamond is not picking up CN after integration from GIS during renewal transaction,"In existing code confirmation call request State Desc parameter is send null in Renewal convert to Cover note case so, unable to generate Renewal PAPTV Cover note",Code has been changed now able to generate Renewal PAPTV Cover note,,UAT,INSBFOS-56,21/9/2022 9:02,Program Error
INSBFOS-288,218412,Closed,2/9/2022 9:27,C003999,29/11/2022 11:18,453228,[QUEST-4130][INSBFOS-56]Defect 07 : Diamond is not picking up CN after integration from GIS,The 'VCH_CANCEL_IND' column is referred in DAO whereas not retrieved in the package which causes the exception,Added the column 'VCH_CANCEL_IND' in the procedure used to list PA renewal cover note details in Policy Enquiry,,UAT,INSBFOS-56,21/9/2022 9:01,Program Error
INSBFOS-1164,327492,Closed,18/4/2023 16:45,181463,26/4/2023 10:44,181463,[Quest 9617] [INSBFOS-1164] - Defect 22:  Defect Cancelled and replaced with wrong premium,This scenario happened due to the covernote and cancelled/replaced CN issue date is same.,"Please use the before CR deployment date for covernote issue date.
Kindly retry. (No fixes done, only clarification provided)",,,INSBFOS-941,20/4/2023 15:02,Program Error
INSBFOS-80,191902,New,4/7/2022 9:16,407699,29/11/2022 11:17,401181,[Production Support] CEO Signature Misaligned- Marine Cargo ,,,,,,,
INSBFOS-1151,325707,Closed,14/4/2023 10:23,181463,15/4/2023 2:01,181463,[Quest 9617 / INSBFOS-1151] - Defect 18 : New Quotation Master Policy - premium incorrect,The extra coverage amount of RM 200 is inclusive of 'ALL LICENSED DRIVERS' with premium RM 50. Kindly find the attached (email attached) GLM where RM 50 is included in Additional Drivers section and RM 150 in Add-on Cover section.,"No fixes were provided by KG, clarification provided as per updated in rootcause and email attached for reference.",,UAT,INSBFOS-941,14/4/2023 17:57,Clarification
INSBFOS-1152,325783,Closed,14/4/2023 15:34,181463,17/4/2023 12:08,C006616,[Quest 9617 / INSBFOS-1152] - Defect 19 : New Business - Tankers - Incorrect premium,"We have verified the premium of Diamond with GLM. There is no premium mismatch. Kindly find the attached excel where below corrections are done.

1. Modified the make model to SCANIA as per the rule engine request
2. Tariff loading of 10 % was included
3. Amended the SST formula to exclude the rebate amount","No Fixes done from KG, only clarification provided.",,UAT,INSBFOS-941,17/4/2023 12:08,Program Error
INSBFOS-1202,337960,Closed,9/5/2023 16:21,C003999,13/5/2023 2:01,C006275,[QUEST-9617/INSBFOS-1202][REG] Defect 01: TS09 Convert quotation to cover note mismatch for GLM value,"Based on the response from em console and data shared for the PL/SQL program, we found that Act and Non-act rates are not available for the factors 'Sum Insured' and 'Area Code' against the pricing serial number 'MT20230503V1-100-02-01/230419M1'. Hence incorrect premium returned from rule engine during convert to cover note.

","Solution:
Provided delete script to remove the business factors against the pricing serial number and to rerun the job 'PKG_RULE_PARSER.PRPARSEBUSINESSRULES' where all the required premium factors are stamped.

Note:
No fix provided from KG side.
",,Operation Readiness Test (ORT),INSBFOS-941,11/5/2023 14:24,Parameter/Setup Error
INSBFOS-1133,323132,Closed,10/4/2023 17:55,181463,15/4/2023 2:01,181463,[QUEST-9617] [INSBFOS-1133] - Defect 11 : Quotation convert to covernote_PCP wrong premium,"DB scripts not provided for the newly added factor (area code), so the rating value against area code was not considered in factors multiplication.",DB scripts have been added.,,UAT,INSBFOS-941,14/4/2023 17:59,Program Error
INSBFOS-978,298555,Rejected,2/3/2023 17:44,462502,10/3/2023 11:11,C006616,[INSBFOS-723]#Defect 1: Different Vehicle Number in Quotation for Cross Selling ,To be filled-up by developer upon fixes,To be filled-up by developer upon fixes,,,INSBFOS-723,,Program Error
INSBFOS-740,273831,Closed,13/1/2023 10:46,462502,22/2/2023 21:11,C003602,[Quest-5589][INSBFOS-162]#Defect 11: Did not receive email when JPJ rejected,The JPJ status require to update by the service. Manually update the status will not trigger the email process.,The JPJ status require to update by the service. Manually update the status will not trigger the email process.,,Operation Readiness Test (ORT),INSBFOS-162,22/2/2023 21:11,Others
INSBFOS-1325,353962,Closed,6/6/2023 14:22,C003999,20/6/2023 9:42,453228,[Quest-5849/INSBFOS-450/INSBFOS-1325]Defect 01: Cover note unable to integrate from Diamond to GIS ,Environment issue,"Due to environement issue, 
we bypass the triggering destination from UAT (1219445) to SIT (749445)
By cloning a new temporary folder with the configuration of UAT (1219445), and execute motor intergration.",,UAT,INSBFOS-450,20/6/2023 9:42,Program Error
INSBFOS-453,251329,Closed,14/11/2022 11:05,C005922,29/11/2022 11:19,453228,CLONE - [QUEST-5521/INSBFOS-186] Diamond at Premium tab NCD Vehicle number & Premium details are blank,Diamond Rule Engine services down,DBA helped to investigate and restarted the services of Diamond Rule Engine.,,UAT,INSBFOS-186,29/11/2022 9:55,Program Error
INSBFOS-422,246871,Closed,3/11/2022 11:52,C003520,29/11/2022 11:17,453228,[QUEST-5521/INSBFOS-186] Diamond at Premium tab NCD Vehicle number & Premium details are blank,Table not found,Deploy the missing table creation script,,UAT,INSBFOS-186,4/11/2022 9:48,Program Error
INSBFOS-953,296410,Closed,28/2/2023 11:22,C003602,27/3/2023 11:14,C006275,"[Quest-5589][INSBFOS-162]#Defect 18: Motor refer risk - JPJ Rejected within 24 hours, No Auto Refund",To be filled-up by developer upon fixes,"Dear Hanis,

   The below issue has been resolved and files committed in release branch. Kindly deploy and check.

 Defect 17: JPJ Rejected, No Auto Refund
 Defect 18: Motor refer risk - JPJ Rejected within 24 hours, No Auto Refund

  Branch : release/rc-1.50.0-12DEC2022
  File : home/ApplicationSource/src/main/java/com/kgisl/nsure/payment/mpgs/utils/MpgsDataUtils.java


Regards,
Diamond Support Team",,Operation Readiness Test (ORT),INSBFOS-162,7/3/2023 22:10,Program Error
INSBFOS-891,294004,Closed,22/2/2023 21:17,C003602,10/3/2023 11:29,C003602,[Quest-5589][INSBFOS-162]#Defect 16: WhatsApp notification setup,"In the Notification setup, You have set 'Interval for Notification' as 1 day, which means you cannot send more than 1 message in same day (1 day interval required to send next message for same quotation).",Kindly set 'Interval for Notification' as 0. So that you can send up to 20 messages in same day.,,Operation Readiness Test (ORT),INSBFOS-162,10/3/2023 11:29,Program Error
INSBFOS-1020,303846,Closed,13/3/2023 12:09,C003602,15/3/2023 8:51,C003602,[Quest-5589][INSBFOS-162]#Defect 22: Integration 5551B job failed,Due to affected cover notes(cover code as NULL) stuck in staging table which causes integration failed. Hence patch script was provided.,"After build the common-1.0.jar for the lib folder as per requested, no more error. (No fixes provided by KG end)",,UAT,INSBFOS-162,14/3/2023 11:23,Program Error
INSBFOS-925,294204,Closed,23/2/2023 15:27,C003602,1/3/2023 17:05,C003602,"[Quest-5589][INSBFOS-162]#Defect 17: JPJ Rejected within 24 hours, No Auto Refund",To be filled-up by developer upon fixes,"Based on the API Reference document, We have constructed void payment request URL & body JSON. but still, we facing 'org.springframework.web.client.HttpClientErrorException: 400 null' error.
 
  Can you please check with MPGS support team, whether anything missed out in the request URL/ body JSON.
 
 Void Payment URL : https://ap-gateway.mastercard.com/api/rest/version/61/merchant/001918502790/order/TRAN-REF0060069/transaction/CAP-TRAN-REF0060069-V
 Request Body JSON : {""apiOperation"":""VOID"",""transaction"":{""reference"":""TRAN-REF0060069-V"",""targetTransactionId"":""CAP-TRAN-REF0060069-V""}}
 HTTP method : PUT
 
 API Ref. Document Link : https://ap-gateway.mastercard.com/api/documentation/apiDocumentation/rest-json/version/61/operation/Transaction%3a%20%20Void.html?locale=en_US",,,INSBFOS-162,1/3/2023 17:05,Program Error
INSBFOS-959,297810,Closed,1/3/2023 17:04,C003602,10/3/2023 23:06,C003602,[Quest-5589][INSBFOS-162]#Defect 19: Contact number display in email is incorrect,"Due to invalid datatype declared for Mobile no. field, zero prefix was removed by default while assigning value to this field.",Datatype for this Mobile no. field is changed to string from integer and able display complete mobile no. in mail.,,Operation Readiness Test (ORT),INSBFOS-162,10/3/2023 23:06,Program Error
INSBFOS-138,203000,Review In progress,28/7/2022 16:18,199622,10/4/2023 14:40,199622,Marine Cargo - Sum insured becomes incorrect in GIS,,,,UAT,,,Program Error
INSBBOS-288,264030,Closed,15/12/2022 16:12,C003602,16/12/2022 11:00,C003602,[Quest-7473][INSBFOS-197] #Defect 1: Error to enquire endorsement,include the library file to compilation script,library file missing compilation script,,UAT,INSBBOS-197,16/12/2022 11:00,Program Error
INSBFOS-62,188282,Assigned,22/6/2022 13:07,406803,12/1/2023 16:20,406803,[Production Support] Customer did not receive SMS notification for MSV renewal,,,,,,,
INSBBOS-559,366498,Closed,4/7/2023 17:23,463021,5/7/2023 22:41,463021,[QUEST-6701/QUEST-8449/INSBBOS-559] #Defect 7: Vehicle make and model code is NULL for Motor Trade,"During policy search, as the class id was considered in fetching the model id for 'Motor Trade' vehicle type, the model id was not set as there was no mapping based on class id in vehicle model table for 'Motor Trade'.",Modified the query to retrieve the model id as in make-model search for 'Motor Trade' vehicle type.,,UAT,INSBBOS-318,5/7/2023 22:41,Program Error
INSBFOS-1264,343486,Rejected,18/5/2023 16:03,C003602,29/5/2023 13:38,C006616,[QUEST-11670/INSBFOS-1264] #Defect 1: Master Policy unable to integrate to GIS,"This is NOT a defect, it is BAU behaviour for master policy.

When enquiry the cover note using master CN it shall not display the policy no. The policy no should be displayed when enquiry using child policy.  developer upon fixes","This is NOT a defect, it is BAU behaviour for master policy.

When enquiry the cover note using master CN it shall not display the policy no. The policy no should be displayed when enquiry using child policy. ",,Operation Readiness Test (ORT),INSBFOS-1188,,Others
INSBFOS-1427,370476,Closed,13/7/2023 17:00,463020,17/7/2023 18:34,463020,[QUEST 11508/INSBFOS-1427] Defect 1: Unable to generate Endorsement Slip after click submit and print,It was due to browser's setting that blocked the pop up message,"changed the browser setting to enable pop-up, issued new case for retest",,Operation Readiness Test (ORT),INSBFOS-1268,17/7/2023 18:34,Others
INSBFOS-1001,301579,Closed,8/3/2023 18:21,C003602,11/3/2023 2:02,C003602,[Quest-5589][INSBFOS-162]#Defect 21: Receive incorrect Cover Note Declined Template,"Since, Cover note decline template available in multiple languages and also there is no option to select message language in refer risk approval screen, system picked latest decline template irrespective of language.",We have fixed and revert by considering same language which is used for sending Quotation.,,,INSBFOS-162,10/3/2023 23:06,Program Error
INSBFOS-693,268016,New,29/12/2022 15:33,C005015,31/12/2022 2:00,V002436,Medical | System unable to display policies for renewal issuance,,,,,,,Program Error
INSBFOS-1201,337722,Closed,9/5/2023 16:19,C003602,13/5/2023 2:01,C006616,[QUEST-9617][INSBFOS-1201]-Defect 2 : Incorrect Make model name in GIS,The CIS model code for the vehicle model 'PERODUA/MYVI' under the class 'TAXI' is '285' in Diamond Master whereas it is '283' in GIS master table. Hence incorrect make/model displayed in GIS.,Provided update script to correct the model code for Diamond master as in GIS table,,Operation Readiness Test (ORT),INSBFOS-941,11/5/2023 19:32,Parameter/Setup Error
INSBFOS-1082,313526,Closed,27/3/2023 15:25,C003602,13/4/2023 14:07,453228,[Quest-5086][INSBFOS-1082] Defect 4 : Personal accident module unable to connect to EDMS ,EDMS configuration stored incorrect URL.,Updated the correct EDMS request URL,,UAT,INSBFOS-478,13/4/2023 14:07,Program Error
INSBBOS-387,290840,Closed,16/2/2023 14:15,407699,21/7/2023 9:27,407699,[BAU-Production Support] Item amount not tally with master amount (ESOA),"As the reported cases were integrated before deployment, kindly execute the below patch script for GIS.
 
UPDATE iis_nmtrxpayitemx SET piamount = 939 WHERE pipaymentno IN ('PJB1041987');
UPDATE iis_nmtrxpayitemx SET piamount = 843 WHERE pipaymentno IN ('PJB1041988') AND pipolicyno = 'D22SMSB4590628JB';
UPDATE iis_nmtrxpayitemx SET piamount = 1676 WHERE pipaymentno IN ('PJB1044691');",The issue is fixed and released to regression on '30-DEC-2022' and deployed to Production on '10-FEB-2023'.,,,,21/7/2023 9:27,Program Error
INSBBOS-160,247307,New,4/11/2022 9:47,198999,4/11/2022 9:47,401181,[Production Issue] System prompt error message during endorsement confirmation - PA,,,,,,,Program Error
INSBBOS-450,308334,Closed,20/3/2023 14:20,C003602,20/3/2023 23:02,C003602,[QUEST-8914][INSBFOS-450]#Defect 3: Error on surplus count,"production issue.
the surplus count, count by total adjustment of the claims.","re-write surplus count formula, to calculate by claims number.",,UAT,INSBBOS-319,20/3/2023 23:02,Program Error
INSBFOS-689,267171,Closed,27/12/2022 14:21,C003602,10/3/2023 9:50,C003602,"	[Quest-5086][INSBFOS-478] Defect 2 : Error after click print and send to JPJ",,,,UAT,INSBFOS-478,10/3/2023 9:50,Program Error
INSBFOS-699,270479,Closed,5/1/2023 16:02,C003602,22/2/2023 14:37,C003602,[Quest-5589][INSBFOS-162]#Defect 9: Unable to sent WhatsApp message for Chinese template,There is a difference in language code used between WhatsApp template and Diamond master table configuration.," The Chinese Language display issue(Unreadable) in WhatsApp Template setup screen has been resolved. Please find file details below.

  Branch : release/rc-1.50.0-12DEC2022
  Files : motor/ApplicationSource/src/main/java/com/kgisl/nsure/systemsettings/controller/SystemSettingsController.java

Regards,
Diamond Support Team",,Operation Readiness Test (ORT),INSBFOS-162,22/2/2023 14:37,Program Error
INSBFOS-698,270474,Closed,5/1/2023 15:26,C003602,22/2/2023 14:37,C003602,[Quest-5589][INSBFOS-162]#Defect 8: Chinese Language Template not able to display correctly after setup,"The issue due to some characters encoding problem while saving template content in database. We are analysis the root cause and will update findings soon.

   Note : Diamond system will use 'template name' & 'place holders' alone from this setup data in order to send WhatsApp message. So, this issue will not create any functional impact on sending messages. You can proceed testing with this template also.","The Chinese Language display issue(Unreadable) in WhatsApp Template setup screen has been resolved. Please find file details below.

  Branch : release/rc-1.50.0-12DEC2022
  Files : motor/ApplicationSource/src/main/java/com/kgisl/nsure/systemsettings/controller/SystemSettingsController.java

Regards,
Diamond Support Team",,Operation Readiness Test (ORT),INSBFOS-162,22/2/2023 14:37,Program Error
INSBFOS-1003,302244,Closed,9/3/2023 17:39,462502,15/3/2023 18:23,462502,[INSBFOS-723]#Defect 7: Integration fail for Motor-Others Cases with RRA,Due to affected cover notes(cover code as NULL) stuck in staging table which causes integration failed. Hence patch script was provided.,"After build the common-1.0.jar for the lib folder as per requested, no more error. (No fixes provided by KG end)",,Operation Readiness Test (ORT),INSBFOS-723,15/3/2023 18:23,Program Error
INSBFOS-1024,304329,Closed,13/3/2023 21:50,462587,16/3/2023 16:50,462587,[QUEST-8397/INSBFOS-1024]#Defect 12:  No records found when search policy number or cover note number at policy search,"Based on the data analysis, Received renewal policy details from GIS and integrated till Diamond staging table. But we could not find in renewal policy transaction table.
We have imported same GIS data in KG' local environment and able to integrate into renewal policy transaction table successfully and able to see in policy search also.",Integration level updating done but no fixes from KG end.,,UAT,INSBFOS-723,16/3/2023 16:50,Data mapping error
INSBFOS-1074,310761,Closed,23/3/2023 14:26,462587,27/3/2023 11:45,462587,[QUEST-7380/INSBFOS-1074] #Defect 13: Revised Mileage Limit does not meet expected result ,The leap year day was not considered while computing the entitled mileage on upgrading plan.,"The mileage adjustment formula remains the same as you shared. Earlier current date was used to retrieve the POC days, resulting in incorrect revised mileage being displayed. To handle this, used the policy's inception date to calculate the POC days. The leap year day was not taken into account when calculating POC days. That handling only done and given in last release.",,UAT,INSBFOS-423,27/3/2023 11:44,Program Error
INSBFOS-1018,300288,Closed,7/3/2023 14:30,462587,15/3/2023 8:51,462587,[QUEST-7380/INSBFOS-1018] #Defect 10: Reference number not found in motor saver approval,"Based on the table stamping, The below mentioned cover notes are issued on 30 & 31st of January and its auto void by system on 13 & 14th of Feb due to not approved within allowed days. So, those cover notes will not be displayed for motor saver approval.",No fix provided from KG,,UAT,INSBFOS-423,10/3/2023 16:54,Parameter/Setup Error
INSBFOS-993,301519,Closed,8/3/2023 16:48,462587,21/3/2023 14:33,C006616,[QUEST-7380/INSBFOS-993] #Defect 11: The replacement cover note number not found in client profile,"Based on the table stamping, cover note status is “Cancelled” and not 'Cancelled/Replaced'. Which means user should have selected as 'Cancel without Replacement' option from client profile. So, for this option, Replaced cover note will not come.",Please select 'Cancel without Replacement' option from client profile,,UAT,INSBFOS-423,21/3/2023 14:33,Program Error
INSBFOS-1132,322934,Closed,10/4/2023 16:36,453003,15/4/2023 2:01,453003,[QUEST-9617] [INSBFOS-1132] - Defect 10 : Incorrect premium for GV&Tankers,"There is no issue in the rule engine’s GV tanker premium calculation, however found below the few corrections in your GLM working sheet and I have corrected and attached the updated one in the mail.

Tariff loading should be 0% but was applied 10%
BNM min & max capping formula should exclude Rebate amount","Few corrections done in your GLM working sheet and I have corrected and attached the updated one in the mail.

Tariff loading should be 0% but was applied 10%
BNM min & max capping formula should exclude Rebate amount",,,INSBFOS-941,12/4/2023 10:25,Program Error
INSBFOS-1138,324150,Closed,12/4/2023 10:19,453003,15/4/2023 2:01,453003,[QUEST-9617 / INSBFOS-1138] - Defect 14 : Wrong area code when editing a draft cover note issued by Cancel and Replacement,"While editing the draft cover note issued by Cancel with replacement, incorrect area code was passed in rule engine request.",Modified the program to send the actual area code which is saved even when the area code is updated in the setup.,,UAT,INSBFOS-941,13/4/2023 17:56,Program Error
INSBFOS-1107,321473,Closed,7/4/2023 11:35,453003,11/4/2023 11:31,453003,[QUEST-9617|INSBFOS-1107]-Defect 3 : Incorrect Vehicle Grouping,"Based on the investigation of existing integration Job, prior to this CR, we have sending model group table primary key id value to GIS. Also, we don't change this behavior for this CR.

   But we found that, Existing master table data having same values in both model group id & model group code columns,
So, No issues in production so far.","It's required to change program logic to send model group code instead of model group id in integration job to avoid these discrepancies.
Committed the fixes in the branch 'feature/Profile3_121_9445_QUEST_9617_Motor_Rate_Update_28Mar2023'. Kindly execute the attached DB script/packages(DB_Scripts.zip) and deploy latest 5551B jar.

File list:
Database/TABLES/MASTER TABLES/EIS_MST_OTS_VEH_MODEL_GROUP.sql
Database/PACKAGE/PKG_DI_COVERNOTE.sql
Database/PACKAGE/PKG_DI_COVERNOTE_UNIQ.sql
Database/PACKAGE/PKG_DI_ENDORSEMENT.sql
Database/PACKAGE/PKG_DI_POLMOTOR_ACTIVE.sql
Database/PACKAGE/PKG_DI_POLMOTOR_RENEW.sql
Integration/motor_cover_note/src/main/java/com/kgisl/nsure/integration/cn/dao/TransactionDAOImpl.java
Integration/motor_cover_note/src/main/java/com/kgisl/nsure/integration/cn/db/TransactionSQL.java",,UAT,INSBFOS-941,11/4/2023 11:12,Program Error
INSBFOS-1127,322315,Closed,10/4/2023 10:12,181463,17/4/2023 9:41,181463,[QUEST-9617] [INSBFOS-1127] - Defect 9 : Defect Wrong Quotation Premium_private car,"DB scripts not provided for the newly added factor (area code), so the rating value against area code was not considered in factors multiplication.",DB scripts have been added,,UAT,INSBFOS-941,17/4/2023 9:41,Program Error
INSBFOS-441,249363,Closed,8/11/2022 22:22,C003520,29/11/2022 11:19,C003520,"Defect [UAT] [QUEST-5521/INSBFOS-186] Diamond Motor issue while click on - ""Print and Send to JPJ""",Package not latest,Package need to recompile,,UAT,INSBFOS-186,9/11/2022 17:58,Program Error
INSBBOS-316,273512,Closed,12/1/2023 15:56,C003999,3/2/2023 9:42,C003999,[QUEST-7711][INSBBOS-200]UAT Defect 01: CN Not able to integrate to GIS,The integration job is not latest in the test environment.,The integration job is not latest in the test environment.,,UAT,INSBBOS-200,3/2/2023 9:42,Program Error
INSBFOS-738,273668,Closed,12/1/2023 16:13,462587,14/3/2023 11:18,462587,[QUEST-7711/INSBFOS-738] #Defect 02: Total premium is zero for Marine Open Cover,The issue is due to EIS_MST_OTS_COMMISSION table is not available in Database,The issue is due to EIS_MST_OTS_COMMISSION table is not available in Database,,UAT,INSBBOS-200,16/1/2023 9:39,Program Error
INSBBOS-142,241084,Closed,18/10/2022 11:14,C003602,18/10/2022 14:36,C003602,[Quest-5555][INSBBOS-61][UAT] #Defect 03: Unable to renew policy,"valid detariff rate checking shouldn't apply at Const. Class field, because Risk Grade is one of the criteria that impact the validation.",valid detariff rate checking apply after Risk Grade Field.,,UAT,INSBBOS-61,18/10/2022 14:36,Program Error
INSBBOS-448,308332,Closed,20/3/2023 14:16,C003602,20/3/2023 23:02,C003602,[QUEST-8914][INSBFOS-448]#Defect 1: Error message when processing /generate report,SQL selection not able to select only 1 record.,SQL put in more criteria to able select unique,,UAT,INSBBOS-319,20/3/2023 23:02,Program Error
INSBFOS-1031,304565,Closed,14/3/2023 11:25,462502,21/3/2023 14:32,C006616,[QUEST-8397/INSBFOS-1031]#Defect 13: Integration Fail for RRA as Extra Coverage,The program changes have been done for the requirement changes received requested by Charmaine,"Kindly generate new integration jar from below files and re-test using new cover notes.

   Branch : release/rc-1.51.0-14FEB2022
   Files: Database/PACKAGE/PKG_DI_COVERNOTE.sql 
Integration/common/src/main/java/com/kgisl/nsure/integration/common/utils/ValidationUtils.java
Integration/motor_others/src/main/java/com/kgisl/nsure/integration/cn/db/MotorOthersSQL.java
Integration/motor_others_active/src/main/java/com/kgisl/nsure/integration/cn/dao/MotorOthersActiveDAOImpl.java
Integration/motor_others_renewal/src/main/java/com/kgisl/nsure/integration/cn/dao/MotorOthersRenewalDAOImpl.java
",,Operation Readiness Test (ORT),INSBFOS-723,21/3/2023 14:32,Program Error
INSBFOS-351,234586,Closed,4/10/2022 9:31,C003999,29/11/2022 11:19,453228,[QUEST-4130][INSBFOS-56]Defect 01:ISM connection down in Regression,"Motor PTV proxy was set by default during motor cover note generation
and also proxy details master table data might be having difference between UAT/Regression database",have changed program logic to fetch proxy details in PAPTV,,Operation Readiness Test (ORT),INSBFOS-56,17/10/2022 11:01,Others
INSBBOS-453,309082,Closed,21/3/2023 16:44,C003999,28/3/2023 16:24,C005013,[QUEST-6701/INSBBOS-453] Defect 01: Unable to generate claim report,Program failed to detect record in transaction.,To enhanced the program to detect the transaction and send to error report.,,UAT,INSBBOS-318,28/3/2023 16:24,Program Error
INSBFOS-999,301610,Closed,8/3/2023 17:58,462502,13/3/2023 18:52,462502,[INSBFOS-723]#Defect 6: Integration fail for RRA cross selling,"We have analyzed transaction table data and there are no issues in data stamping.
Here, 'cnpacovertype' sent as NULL to GIS is due to cover note integrated with old version of jar (new 50B) which doesn't having new RRA plans handling.

   ",We have updated production transfer indicator as 'N' in transaction table. Kindly re-integrate cover note with latest jar in order to integrate RRA cross selling cover notes.,,Operation Readiness Test (ORT),INSBFOS-723,13/3/2023 18:52,Program Error
INSBFOS-385,243852,Closed,25/10/2022 17:52,461631,29/11/2022 11:18,461631,[Quest-6462][INSBFOS-352] #Defect 01: eFlyers not display for reprint document.,The issue is due the file having different name in application server,The issue is due the file having different name in application server,,UAT,INSBFOS-352,27/10/2022 11:58,Program Error
INSBFOS-248,210327,Closed,15/8/2022 11:54,C003999,29/11/2022 11:17,453228,[QUEST-4130][INSBFOS-56]Defect 01:ISM connection down ,"Due to 121:9445 never use ISM real-time before
therefore, parent certification and child certificate are not exists in the WebSphere console + cacerts file.","1. Issue isn't due to firewall blocked
2. Setup for FIPs management configuration + set TLSv1.2
3. Add [DigiCert TLS RSA] in WebSphere
4. Add [ISM Cert] in WenSphere
5. Add [ISM Cert] in cacerts ",,UAT,INSBFOS-56,24/8/2022 9:47,Infrastructure Error
INSBFOS-583,257009,Closed,29/11/2022 18:01,461631,13/12/2022 17:34,461631,[QUEST-6919][INSBFOS-387] #Defect 7:AML MQ Request and Response Log Report do not generate,AML MQ Request and Response Log Report is not handled for motor endorsement module.,Code has been changed now able to generate AML MQ Request and Response Log Report for motor endorsement module.,,Operation Readiness Test (ORT),INSBFOS-387,13/12/2022 17:34,Data Error
INSBFOS-462,254390,Closed,22/11/2022 16:20,461631,13/12/2022 17:20,461631,[QUEST-6919][INSBFOS-387] #Defect 1:AML MQ Request and Response Log Report do not generate,AML MQ Request and Response Log Report is not handled for motor others module.,Code has been changed now able to generate AML MQ Request and Response Log Report for motor others module.,,UAT,INSBFOS-387,13/12/2022 17:20,Data Error
INSBFOS-474,255564,Closed,24/11/2022 10:40,461631,29/11/2022 11:18,461631,[QUEST-6919][INSBFOS-387] #Defect 3:Response code is not tally with expected result,"Root cause: the test data that provided by AML team was incompleted.

",Resolution: BA requested for new set of test data from AML team. and we had tested the new set of test data and passed the test cases.,,Operation Readiness Test (ORT),INSBFOS-387,24/11/2022 15:40,Data Error
INSBFOS-461,253882,Closed,21/11/2022 12:02,C005922,29/11/2022 11:19,453228,"[QUEST-5521/INSBFOS-186] ""Cancellation Letter"" and ""GST Credit Note"" are not disable in the Cancellation Enquiry screen",Status update condition not handling well in this issue.,changes in the code level for the status update condition,,,INSBFOS-186,29/11/2022 9:53,Requirement Error
INSBFOS-742,274096,Closed,13/1/2023 16:40,461631,16/2/2023 18:19,453228,[QUEST-5584][INSBFOS-192] #Defect 1:Non-Motor Renewal Centre cannot integrate Diamond-GIS-Diamond.,,,,,INSBFOS-192,16/2/2023 18:19,Program Error
INSBFOS-781,279465,Closed,30/1/2023 14:50,461631,21/2/2023 15:38,462502,[QUEST-5584][INSBFOS-192] #Defect 1: Fire Job 150b in Jenkins unable to run.,password expired and renewed & updated.,password expired and renewed & updated.,,,INSBFOS-192,21/2/2023 15:38,Program Error
INSBFOS-1023,304408,Closed,13/3/2023 18:24,462811,16/3/2023 16:48,462811,[QUEST-8397/INSBFOS-1023]#Defect 11: RRA in cross selling not auto populate in renewal screen,"Dear Nazmi,

   Based on data analysis, GIS system is not sent Cross selling cover note details for this renewal policy.  Hence Motor renewal policy integrated without RRA cross selling.

   So that, Cross selling product grid not auto populated with RRA.


     

Regards,
Diamond Support Team","No fixes were provided by KG, only analysis is done.",,UAT,INSBFOS-723,16/3/2023 16:48,Program Error
INSBFOS-629,257583,Closed,30/11/2022 18:38,C003602,12/12/2022 11:45,C003602,[Quest-5589][INSBFOS-162]#Defect 5: Error in Filtering in Whatsapp Message Sent report,KG: Vehicle type field wrongly mapped in report search query causes invalid search result.,KG: Report query filter has been modified to fetch exact result based on the applied filter.,,UAT,INSBFOS-162,12/12/2022 11:45,Program Error
INSBFOS-982,299111,Closed,3/3/2023 15:00,C003602,10/3/2023 11:27,C003602,[Quest-5589][INSBFOS-162] #Defect 2:Action column filtering in Renewal Listing and Task List,"Root cause : Cosmetic changes requested in grid filter.

", Solution : program has been modified as per request.n fixes,,Operation Readiness Test (ORT),INSBFOS-162,10/3/2023 11:27,Program Error
INSBFOS-477,256168,Closed,25/11/2022 9:58,C003602,29/11/2022 12:51,C003602,[Quest-5589][INSBFOS-162]#Defect 3: Motor premium not display,the SIT Rule Engine database not connectable,connect with the rule engine database,,UAT,INSBFOS-162,29/11/2022 12:51,Environment Error
INSBFOS-979,298920,Rejected,3/3/2023 11:02,C005922,14/3/2023 14:06,C006616,[QUEST-7321/INSBFOS-979] Defect 01: The value for Discount and Commission in Generic Cover Note shall exceed 0,To be filled-up by developer upon fixes,To be filled-up by developer upon fixes,,,INSBFOS-731,,Program Error
INSBFOS-1187,335520,Closed,5/5/2023 9:39,462962,15/6/2023 14:33,C006616,[QUEST-7246/INSBFOS-1187] #Defect 1: Premium Zero,Cn issuance depends on the rule engine rate/serial number. impacted by motor rate and cmotor cycle rate CRs.,Merged this CR code on top of Motor Rate + Motor Cycle rate CRs.,,UAT,INSBFOS-643,9/6/2023 15:56,Environment Error
INSBFOS-849,290424,Closed,15/2/2023 17:15,C003602,22/2/2023 14:36,C003602,[Quest-5589][INSBFOS-162]#Defect 14: Unable to send quote thru WhatsApp when using jpj data and non jpj data,InfoBip vendor request us to amend on the MediaURL due to their limitation so that's the reason there was PDF issue.,"Patch script provided,
UPDATE EIS_GENERAL_PARAMETERS SET VCH_PARAM_VALUE = 'https://api.infobip-portal.com/rhb/getFile/%s/%s' WHERE VCH_PARAM_NAME = 'INFOBIP_MEDIA_URL' AND CHR_ACTIVE_STATUS = 'Y';
 COMMIT;
 
  Note : Same script has been committed in RC-50 branch.
",,Operation Readiness Test (ORT),INSBFOS-162,22/2/2023 14:36,Others
INSBFOS-1136,323654,Closed,11/4/2023 15:38,401206,18/4/2023 16:47,C006588,[QUEST-9617 / INSBFOS-1136]- Defect 12 : Motor Rate - Incorrect GLM premium calculation for Taxi Comprehensive and TPFT,Incorrect model group code referred during the extraction of rating values against pricing serial number.,Modified the program to send the appropriate model group code against the pricing serial no.,,UAT,INSBFOS-941,18/4/2023 16:47,Program Error
INSBBOS-449,308333,Closed,20/3/2023 14:17,C003602,20/3/2023 23:02,C003602,[QUEST-8914][INSBFOS-449]#Defect 2: field length for SI Band and Actual SI ,length not sufficient to show in report.,extend the length,,UAT,INSBBOS-319,20/3/2023 23:02,Program Error
INSBFOS-1093,318713,Closed,3/4/2023 16:44,C006588,7/4/2023 16:01,C006588,[QUEST-9617 / INSBFOS-1093]-Defect 1: Integration job 5551B failed due to error,"Based on the analysis, integration failed due to staging table data is not valid which is created before replacing latest common.jar file (PA Cover code is stamped as NULL in DI_MPA_COVER_NOTE).",We have attached patch script to clear diamond staging table data. Please execute and re-integrate cover notes and revert.,,UAT,INSBFOS-941,5/4/2023 8:48,Parameter/Setup Error
INSBFOS-76,190860,Review In progress,30/6/2022 10:05,198753,29/11/2022 11:17,401181,Production Support-Premium not computed for both New business and renewal of certain Goods vehicle (Direct a/c),,,,,,,
INSBFOS-1108,321478,Closed,7/4/2023 11:44,453003,10/4/2023 9:12,453003,[QUEST-9617|INSBFOS-1108]-Defect 4 : Area code is not display in UW Report,the previous SQL was outdated. Need to rescript SQL for extraction.,Provided new SQL to extract UW report,,UAT,INSBFOS-941,10/4/2023 9:12,Program Error
INSBFOS-936,294860,READY FOR TEST,24/2/2023 15:45,453003,9/3/2023 16:47,453228,[QUEST-5354][INSBFOS-284] Defect #3-Error page in Reimbursement Log Point Report - Export to excel function,Program logic issue,Fix in program level,,UAT,,,Program Error
INSBFOS-1021,304057,Closed,13/3/2023 14:54,452730,23/3/2023 21:52,C006616,[QUEST-9008/INSBFOS-1021] Defect#1- PP list did not print on Document.,In existing handling space changes are using oracle query but It takes more spaces and not able to display expected spaces in print.,Code has been changed in java it displays expected spaces in print.,,UAT,INSBFOS-862,23/3/2023 21:52,Program Error
INSBFOS-1002,301719,Closed,8/3/2023 22:00,C005922,22/3/2023 9:33,453228,[QUEST-7321/INSBFOS-1002] #Defect 02: Diamond Failed to Connect EDMS,"RHB network team was blocked for HTTP access
and EDMS failure due to Diamond still using HTTP as the protocol ","We got assisted by infra team to open for HTTPS port.
and changed the pointer to EDMS from HTTP to HTTPS",,UAT,INSBFOS-731,22/3/2023 9:33,Program Error
INSBFOS-428,247123,Closed,3/11/2022 17:42,C003520,29/11/2022 11:19,453228,[QUEST-5521/INSBFOS-186] Jenkins batch job not yet setup,"We will not provide the Jenkins batch to run for JPJ status update procedure as the new batch job are still in development and testing stage.

thus, in order to proceed, QA/Users are required to trigger the JPJ Status Update procedure command in SQL developer directly.
Remark: This situation will only happen in testing environment as production will have a the complete set of auto trigger procedure for the JPJ status update.",No fixes,,UAT,INSBFOS-186,29/11/2022 10:32,Others
INSBFOS-1096,319685,Closed,4/4/2023 19:36,C006588,7/4/2023 16:01,C006588,[QUEST-9617 / INSBFOS-1096 ]-Defect 2: Job10B failed to integrate active policy back to Diamond due to field size error ,"Based on the analysis, integration failed due to staging table data is not valid which is created before replacing latest common.jar file (PA Cover code is stamped as NULL in DI_MPA_COVER_NOTE).",We have attached patch script to clear diamond staging table data. Please execute and re-integrate cover notes and revert. This issue is similar to [QUEST-9617 / INSBFOS-1093]-Defect 1: Integration job 5551B failed due to error,,UAT,INSBFOS-941,5/4/2023 13:04,Parameter/Setup Error
INSBFOS-1150,325428,Closed,14/4/2023 0:25,453003,15/4/2023 2:01,453003,[QUEST-9617 / INSBFOS-1150] - Defect 17 : Transition case-Incorrect endorsement premium,Provided clarification on calculation for Endorsement Basic Premium (More info in comments section),"No fixes were given from KG end, Provided clarification on calculation for Endorsement Basic Premium (More info in comments section)",,,INSBFOS-941,14/4/2023 17:27,Program Error
INSBFOS-1145,324691,Closed,12/4/2023 17:17,453003,15/4/2023 2:01,453003,[QUEST-9617 / INSBFOS-1145] - Defect 15  : Unable to integration endorsement transaction to GIS,"As the query used for DI_ENDT_MTTRXENDTCEW insertion has duplicate join for EIS_TRN_COVER_NOTE_EXT table, exception occurred.",Removed the duplicate join while inserting in DI_ENDT_MTTRXENDTCEW table.,,,INSBFOS-941,13/4/2023 15:42,Program Error
INSBBOS-401,294930,Review In progress,24/2/2023 14:14,407699,10/7/2023 10:08,199622,[BAU-Production Support] refund premium is different than calculated ,To be filled-up by developer upon fixes,To be filled-up by developer upon fixes,,,,,Program Error
INSBBOS-388,290843,Closed,16/2/2023 14:17,407699,21/7/2023 9:27,407699,[BAU-Production Support] Diamond did not send extra benefit amount in cew table to GIS,"The issue is fixed and committed in RC-51 branch. 
*File list:*Integration/motor_cover_note/src/main/java/com/kgisl/nsure/integration/cn/dao/TransactionDAOImpl.java","The issue is fixed and committed in RC-51 branch. 
*File list:*Integration/motor_cover_note/src/main/java/com/kgisl/nsure/integration/cn/dao/TransactionDAOImpl.java",,,,21/7/2023 9:27,Program Error
INSBFOS-269,213342,Closed,19/8/2022 10:59,C003999,29/11/2022 11:18,453228, [QUEST-4130][INSBFOS-56]Defect 03: Unable to generate the epolicy with PTV case,"Suspect due to network connection break a the moment, 
e-Policy printed as usual after retried.",No fixes apply,,UAT,INSBFOS-56,24/8/2022 9:44,Others
INSBFOS-299,219659,Closed,6/9/2022 10:39,C003999,29/11/2022 11:18,453228,[QUEST-4130][INSBFOS-56]Defect 10 : Diamond -Missing the PTV details from the refer risk approval(TS25),"In Refer Risk scenario PTV Eligible indicator is set as null so, unable to display and save PTV detail's in approval screen",Code has been changed now able to generate Cover note in refer risk approval,,UAT,INSBFOS-56,21/9/2022 9:02,Program Error
INSBFOS-1153,326022,Closed,14/4/2023 17:53,181463,26/4/2023 10:49,C006588,[Quest 9617 / INSBFOS-1153] - Defect 20 : Master Policy vehicles submitted but not integrated to GIS,The integration job error is due to missing/invalid jar files in lib folder.,Attached email on clarification (No fixes done by KG),,UAT,INSBFOS-941,26/4/2023 10:49,Program Error
INSBFOS-286,218399,Closed,2/9/2022 9:10,C003999,29/11/2022 11:18,453228,[QUEST-4130][INSBFOS-56]Defect 05: PTV voucher number and amount missing in GIS screen,Diamond added the new table column name mismatch with GIS integration targeted table name.,Diamond to alter the table column to the correct label name,,UAT,INSBFOS-56,21/9/2022 9:00,Program Error
INSBFOS-1105,320872,Rejected,6/4/2023 17:15,462587,10/4/2023 9:47,C006616,QUEST-7380/INSBFOS-1105] #Defect 2: MSV Shared API WS04 & WS10 does not meet expected result,To be filled-up by developer upon fixes,To be filled-up by developer upon fixes,,Operation Readiness Test (ORT),INSBFOS-423,,Program Error
INSBFOS-1017,298829,Closed,3/3/2023 10:09,462587,15/3/2023 8:51,462587,[QUEST-7380/INSBFOS-1017] #Defect 07: MSV Shared API WS10 does not meet expected result ,"As the MSV POC Range validation does not consider the leap year day, MSV applicable indicator was set as 'N'. Hence the response is displayed as 'MOTOR SAVER DISCOUNT IS NOT APPLICABLE FOR GIVEN COVER NOTE DETAILS'.","The issue is fixed and committed in the branch 'rhbi_profile4_UAT_121_9446_QUEST-7380_MSV_19Jan2023'.

File list:
motor/ApplicationSource/src/main/java/com/kgisl/nsure/transaction/services/MotorServiceImpl.java",,UAT,INSBFOS-423,10/3/2023 16:52,Parameter/Setup Error
INSBFOS-1014,297634,Closed,1/3/2023 16:17,462587,15/3/2023 8:51,462587,[QUEST-7380/INSBFOS-1014] #Defect 05: Motor saver section is missing in Diamond extra coverage screen,"When the POC includes the leap year day , as the MSV POC Range validation does not consider the leap year day, MSV applicable indicator was set as 'N'. Hence the MSV is not displayed for user selection.","The issue is fixed and committed yesterday in the branch 'rhbi_profile4_UAT_121_9446_QUEST-7380_MSV_19Jan2023'.

File list:
motor/ApplicationSource/src/main/java/com/kgisl/nsure/transaction/services/MotorServiceImpl.java",,UAT,INSBFOS-423,10/3/2023 16:53,Program Error
INSBFOS-987,300665,Closed,7/3/2023 17:39,462502,21/3/2023 17:24,462502,[INSBFOS-723]#Defect 4: PDS Document are Not Downloaded in the Latest Version,To be filled-up by developer upon fixes,To be filled-up by developer upon fixes,,UAT,INSBFOS-723,21/3/2023 17:24,Program Error
INSBFOS-1126,322082,Closed,10/4/2023 9:35,453003,15/4/2023 2:01,453003,[QUEST-9617 / INSBFOS-1126] - Defect 8 : Unable to download UW report in Diamond,In existing code excel format is not supporting to download UW report in Diamond.,"Excel format has been changed now able to download UW report in Diamond.
Below Item Fixes are committed in mentioned branch. Kindly deploy latest source from below branch and check.
   
    Branch name:- feature/Profile3_121_9445_QUEST_9617_Motor_Rate_Update_28Mar2023

    File List:
      motor/ApplicationSource/src/main/java/com/kgisl/nsure/filter/utilities/ReportExportExcel.java
             motor/ApplicationSource/src/main/java/com/kgisl/nsure/reports/controller/ReportController.java",,,INSBFOS-941,11/4/2023 19:20,Program Error
INSBFOS-415,246321,Closed,2/11/2022 8:57,461632,29/11/2022 11:18,461632,[QUEST-5666/INSBFOS-291]Defect 01: Unable to Display the Plan Details,"Due to longer response time, the data not rendered into frontend to display plan details",Due to complex query and data handling in program. the request took more time to process the data. I have optimized the query to reduce looping and move the data handling part from JS to java to increase the performance and response time. This solved the issue,,UAT,INSBFOS-291,3/11/2022 17:53,Program Error
INSBBOS-415,298818,Closed,3/3/2023 9:33,462811,16/3/2023 9:09,462811,[INSBBOS-310] Defect 01:Renewal notice print out  is blank Medisure repricing renewal notice,"Error recorded in sysout.log provided by Ranjith, KG Team informed that sysout.log script which is released for 'Medisure Supreme Repricing' is not available in the respective schema.","Kindly execute the below script.
ALTER TABLE EIS_TRN_REN_POL ADD NUM_CURR_PREMIUM  NUMBER (14, 4);
ALTER TABLE EIS_TRN_REN_POL_HIST ADD NUM_CURR_PREMIUM  NUMBER (14, 4);",,,INSBBOS-310,16/3/2023 9:09,Program Error
INSBFOS-300,219695,Closed,6/9/2022 11:33,C003999,29/11/2022 11:18,453228,[QUEST-4130][INSBFOS-56]Defect 11 : Diamond - Incorrect total amount when make payment via payment submission or upfront(TS03),,"This is not an issue as ISM had enhanced their system to deduct the minimum premium (RM 5) from their end during confirmation services. Hence, it will have premium mismatch message return from ISM",,UAT,INSBFOS-56,21/9/2022 9:02,Others
INSBFOS-290,218452,Closed,2/9/2022 10:00,C003999,29/11/2022 11:18,453228,[QUEST-4130][INSBFOS-56]Defect 09 : TS08 - Encountered the error unable convert to cover note during the quotation renewal,"In existing code confirmation call request State Desc parameter is send null in Renewal convert to Cover note case so, unable to generate Renewal PAPTV Cover note",Code has been changed now able to generate Renewal PAPTV Cover note,,UAT,INSBFOS-56,21/9/2022 17:40,Program Error
INSBFOS-133,202590,New,27/7/2022 16:09,199622,29/11/2022 11:19,401181,Policy issued in diamond system doesn’t reflect the alias code to Tera Term,,,,,,,Program Error
INSBBOS-46,202265,New,26/7/2022 16:52,199622,26/7/2022 16:52,401181,QUOTA SHARE ATP/ ATSM,,,,,,,Program Error
INSBFOS-1109,321728,Closed,7/4/2023 13:59,453003,12/4/2023 9:56,453003,[QUEST-9617|INSBFOS-1109]- Defect 5 : Premium incorrect for replacement CN,"DB scripts not provided for the newly added factor (area code), so the rating value against area code was not considered in factors multiplication.",DB scripts have been added for area code,,,INSBFOS-941,12/4/2023 9:56,Program Error
INSBFOS-1125,321901,Closed,7/4/2023 17:03,453003,12/4/2023 17:05,453003,[QUEST-9617|INSBFOS-1125]- defect 7 : Premium Incorrect for Endorsement transaction,Incorrect model group code referred during the extraction of rating values against pricing serial number.,Modified the program to send the appropriate model group code against the pricing serial no.,,,INSBFOS-941,12/4/2023 17:05,Program Error
INSBBOS-548,357010,New,9/6/2023 8:56,407699,9/6/2023 8:56,409608,"[BAU- Diamond Production] fpx payment doesn't return receipt, redirect to empty page ",To be filled-up by developer upon fixes,To be filled-up by developer upon fixes,,,,,Program Error
INSBFOS-935,294770,READY FOR TEST,24/2/2023 15:39,181463,13/4/2023 10:08,453228,[Quest-5354][INSBFOS-284] Defect # 2 - Transition case handling issue - Product Setup without MCO but MCO code integrated to GIS,To be filled-up by developer upon fixes,To be filled-up by developer upon fixes,,UAT,INSBBOS-50,,Program Error
INSBFOS-45,180862,Closed,1/6/2022 11:41,452730,29/11/2022 11:18,407424,PRODUCTION - xxxxxx,test 2,test 2,,,,23/6/2022 17:25,Environment Error
INSBBOS-109,228015,Closed,20/9/2022 12:05,461632,29/9/2022 14:29,C003999,[QUEST-5323/INSBBOS-89]Defect 02: Missing Bank Branch code at Bank Ref No field. & Wrongly Coverage Type Setup,,,,UAT,INSBBOS-89,22/9/2022 11:01,Others
INSBBOS-158,246835,Review In progress,3/11/2022 11:36,407699,21/7/2023 9:33,409608,[Production Support]Diamond send wrong batch No. for manual credit card,,,,,,,Program Error
INSBFOS-694,268019,New,29/12/2022 15:43,C005015,24/1/2023 10:46,V002436,ESOA | Premium mismatch between Paymentmaster and paymentitem,,,,,,,Program Error
INSBFOS-1079,312028,Closed,24/3/2023 15:37,462587,28/3/2023 10:20,462587,[QUEST-7380/INSBFOS-1079] #Defect 14:Unable to integrate cover note via Jenkin job 90B,Endorsement cover note integration jar file is not a latest one in MSV CR environment.,"As the cover note integration jar file is not a latest one in MSV CR environment. Kindly replace latest jar file from below path and try again.
Branch : feature/rhbi_profile4_UAT_121_9446_QUEST-7380_MSV_19Jan2023
File : NsureDiamond\motor\Schedulers\UINFD0090B\MOTORENDT_P2G.jar",,,INSBFOS-423,28/3/2023 10:20,Program Error
INSBFOS-1012,303240,Closed,10/3/2023 21:13,462587,14/3/2023 11:21,462587,[QUEST-8397/INSBFOS-1012] #Defect 08:Unable to integrate cover note via Jenkin job 5551B,Due to affected cover notes(cover code as NULL) stuck in staging table which causes integration failed. Hence patch script was provided.,"After build the common-1.0.jar for the lib folder as per requested, no more error. (No fixes provided by KG end)",,UAT,INSBFOS-723,14/3/2023 11:21,Parameter/Setup Error
INSBFOS-883,292755,Closed,21/2/2023 10:10,462587,14/3/2023 11:16,462587,[QUEST-7380/INSBFOS-883] #Defect 03:Unable to integrate cover note via Jenkin job 5551B,Data issue.,Data issue.,,UAT,INSBFOS-423,10/3/2023 11:32,Program Error
INSBFOS-443,249629,Closed,9/11/2022 12:10,461632,8/12/2022 11:07,453228,[QUEST-5666/INSBFOS-291]Defect 03: The proposal form and auto-debit form page are blank and Unable to get Covernote,"the issue found in error log is due to the GIS_SUB_PLAN_CODE value exceed 3 characters.
Sample data of GIS_SUB_PLAN_CODE = [MSB, MDS]

while we upload the excel document through Diamond screen 
Path: Administration - Accident & Healthy Management - Product Cover Details
the field stamped into the wrong DB column and caused the program not able to pickup the value correctly.
","We had provided a short-term solution:-
To manually patch the data configuration into the correct column in DB level, in order to allow the testing team to continue and proceed.

Long-term solution:-
We are still getting the requirement for the correct field to stamp into system.",,UAT,INSBFOS-291,8/12/2022 11:07,Program Error
INSBFOS-938,295014,Closed,24/2/2023 17:25,462587,14/3/2023 11:15,462587,[QUEST-7380/INSBFOS-938] #Defect 04:Unable to integrate from GIS to Diamond via Jenkin job 30B,"due to jenkins environment issue. after server password changed, SSH section also need to define in new way.","due to jenkins environment issue. after server password changed, SSH section also need to define in new way.",,UAT,INSBFOS-423,9/3/2023 9:30,Program Error
INSBFOS-1323,352304,Closed,1/6/2023 14:11,462587,3/6/2023 2:01,462587,[QUEST-11670/INSBFOS-1323] #Defect 4:Unable to integrate policy number via GIS,The 5553B jar file is recently updated by KG for some master policy issues raised by Alan. This updated jar file is not available in 74:9443 environment. ,It is working fine after replacing the latest jar in 74:9443 environment.,,Operation Readiness Test (ORT),INSBFOS-1188,2/6/2023 9:06,Program Error
INSBFOS-439,249001,Closed,8/11/2022 9:31,461632,8/12/2022 10:56,453228,[QUEST-5666/INSBFOS-291]Defect 02: Unable to display Questionnaire when update covernote for date 3/11/2022,This is a data error,This is a data error,,UAT,INSBFOS-291,8/12/2022 10:56,Data Error
INSBBOS-488,337348,Closed,9/5/2023 8:59,453003,24/7/2023 20:16,462811,[QUEST-11548/INSBBOS-488] #Defect 2: Diamond Premium Zero,"New App Server Source and DB was deployed in Reg, causing the error on Rule Engine.",Added Rule Engine proxy and updated Appserver source in the 139:9446 to fix the issue.,,UAT,INSBBOS-513,24/7/2023 20:16,Environment Error
INSBFOS-1061,306534,Closed,16/3/2023 11:15,462502,21/3/2023 17:30,C006616,[QUEST-8397][INSBFOS-1061]#Defect 14: Wrong Vehicle Policy Type in EPO File,"UBT under extra coverage endorsement where not covered in existing Carfix trigger program logic. So, policy type sent as 'C' for UBT cases also.",Carfix trigger program logic has been modified to Send Policy type as 'U' for UBT extra coverage endorsements,,Operation Readiness Test (ORT),INSBFOS-723,21/3/2023 17:30,Program Error
INSBFOS-1148,324956,Closed,13/4/2023 11:41,453003,15/4/2023 2:01,453003,[QUEST-9617 / INSBFOS-1148] - Defect 16 : Annualised premium field for endorsement transaction,Deployment level issue,"Retest done, not a issue and no fixes from KG",,,INSBFOS-941,13/4/2023 22:22,Program Error
INSBBOS-175,250587,Closed,10/11/2022 15:02,461587,15/11/2022 16:10,461587,[QUEST-3955/INSBBOS-34] #Defect 01: Motor Endorsement Screen Issue,,,,UAT,INSBBOS-34,15/11/2022 16:09,Program Error
INSBFOS-838,289606,READY FOR TEST,15/2/2023 9:03,453003,13/4/2023 10:08,453228,[QUEST-5354][INSBFOS-284] Defect #1-No active policy return to Diamond,To be filled-up by developer upon fixes,To be filled-up by developer upon fixes,,UAT,,,Program Error
INSBFOS-141,204163,New,1/8/2022 11:32,406803,29/11/2022 11:18,407424,[production support] Add on benefits for Pos Malaysia,,,,,,,Program Error
INSBFOS-12,170182,Rejected,25/4/2022 10:16,C002974,29/11/2022 11:19,C003999,[INSBFOS-4][INSBFOS-9] Defect: Unable to disable ID in diamond,,,,UAT,,,
INSBFOS-444,250520,Closed,10/11/2022 12:26,C005922,29/11/2022 11:19,453228,[QUEST-5521/INSBFOS-186] Diamond Motor Unable to Cancel the CN in Client Profile screen,"Create table for EIS_MST_CN_OPTION_LINK
insert all configuration data into EIS_MST_CN_OPTION_LINK",Table EIS_MST_CN_OPTION_LINK is not created and no configuration data in the table as well,,UAT,INSBFOS-186,15/11/2022 12:12,Program Error
INSBFOS-926,294179,Closed,23/2/2023 15:46,C003602,13/4/2023 14:07,453228,[Quest-5086][INSBFOS-478] Defect 3 : Diamond unable to connect to EDMS,"Original Regression (74:9445) no issue for EDMS
New Server (138:9447) war file is not latest and caused this issue.",SA(Yasmin) had deployed the latest war into new environment to resolve this issue,,Operation Readiness Test (ORT),INSBFOS-478,13/4/2023 14:07,Program Error
INSBBOS-150,242365,Closed,20/10/2022 11:27,C003602,2/11/2022 11:54,C003602,[Quest-5555][INSBFOS-61] #Defect04 : Peril not reflect ,wrong Char Rate% was assign to do perils calculation.,assign overwritten Char Rate% to calculate perils premium,,UAT,INSBBOS-61,2/11/2022 11:54,Program Error
INSBFOS-1057,306214,Closed,15/3/2023 18:43,C003602,18/3/2023 2:01,C003602,[Quest-5589][INSBFOS-1057]#Defect 23: Unable to run JPJ job,"
is data issue.. JPJ reply table got CN which not exist in the Transaction table, so it throw the exception.. ",Removed that CN  from the table.,,Operation Readiness Test (ORT),INSBFOS-162,16/3/2023 9:47,Program Error
INSBFOS-1100,320808,Closed,6/4/2023 12:12,462587,11/4/2023 13:09,462587,[QUEST-7380/INSBFOS-1100] #Defect 1: Unable to proceed to issue renewal quotation ,Previous policies failed due to some environment problem it seems. because same integration job running in regression & production environments.,We haven't provided any fixes for this issue. We have verified integration data step by step during job running. Fortunately all data saved in order and also renewal policy created successfully.,,Operation Readiness Test (ORT),INSBFOS-423,11/4/2023 13:09,Program Error
INSBBOS-139,240793,Closed,17/10/2022 17:25,C003602,19/10/2022 11:16,C003602,[Quest-5555][INSBBOS-61][UAT] #Defect 02: Incorrect gross premium,"In production will have detariff case renewed from DIAMOND system and cause missing detariff info.
missing detariff info will cause system not able to calculate premium correctly.",enhance renewal extraction program to re-calculate detariff info if missing.,,UAT,INSBBOS-61,19/10/2022 11:16,Program Error
INSBFOS-322,223380,Closed,14/9/2022 10:35,C003999,29/11/2022 11:19,C003999,[QUEST-4130][INSBFOS-56]Defect 12 : GIS Encountered the error to add the payee details before perform the manual refund,,"Root Cause: typo in field name cause runtime error.
Solution: rectify typo with correct field name.",,UAT,INSBFOS-56,28/9/2022 12:17,Program Error
INSBBOS-309,265697,Review In progress,20/12/2022 13:18,407699,25/7/2023 10:18,198753,[BAU-Production Support] CBC blocked not immediately released after payment done ,,,,,,,Program Error
INSBFOS-476,255864,Closed,24/11/2022 17:57,C003602,29/11/2022 12:47,C003602,[QUEST-6919][INSBFOS-387] #Defect 4: Unable to integrate FW,"Regression Package is not latest.


",re-execute the package PKG_DI_FW_COVERNOTE.,,Operation Readiness Test (ORT),INSBFOS-387,29/11/2022 12:47,Others
INSBFOS-481,256426,Closed,25/11/2022 18:04,461631,13/12/2022 17:25,461631,[QUEST-6919][INSBFOS-387] #Defect 6:Unable to integrate new business MOTOR from Diamond to GIS,JPJ status is not changed to Approve before intetgrate with GIS,Changes the JPJ status from Sent to Approve.,,Operation Readiness Test (ORT),INSBFOS-387,13/12/2022 17:25,Data Error
INSBFOS-463,254425,Closed,22/11/2022 17:09,C003602,29/11/2022 11:18,C003602,[Quest-6919][NSBFOS-387] #Defect02 : system Route for Customer Screening Approval when passport No is end with digit -1,"Simulation mode enabled in CR environment, AML Response will be same for all requests(i.e. hardcoded - WC-Sanctions).",enabled AML UAT real time in regression,,Operation Readiness Test (ORT),INSBFOS-387,29/11/2022 10:05,
INSBFOS-1015,300276,Closed,7/3/2023 12:40,462587,15/3/2023 8:51,462587,[QUEST-7380/INSBFOS-1015] #Defect 09: WS04 Submission required motor saver approval,"Based on the MOTOR_SAVER_APPROVAL_CUTOFF_DATE configured in EIS_GENERAL_PARAMETERS table, mandatory validation will be applied for odometer reading, entitled mileage and final mileage.",The 'DTT_PARAM_VALUE' in EIS_GENERAL_PARAMETERS table only referred for 'MOTOR_SAVER_APPROVAL_CUTOFF_DATE'. Kindly set the date to past date and check once.,,UAT,INSBFOS-423,10/3/2023 16:50,Program Error
INSBFOS-252,211906,Closed,17/8/2022 13:52,C003999,29/11/2022 11:18,453228,[QUEST-4130][INSBFOS-56]Defect 02: Unable to convert to covernote with PTV when make the payment,In existing code confirmation call request product code and business class code is wrongly checked so unable to generate PAPTV Cover note,Program code fixed and released by kgisl-offshore(vendor),,UAT,INSBFOS-56,14/9/2022 9:58,Program Error
INSBFOS-780,278605,Closed,27/1/2023 16:50,462587,23/5/2023 8:32,459775,[QUEST-8528/INSBFOS-780] #Defect 01: Document didn't print out the latest pdf as expected result,,"Item effective from date order is changed and files committed in mentioned  branch.
Branch Name : release/rc-1.50.0-12DEC2022
FileList:    motor/ApplicationSource/src/main/java/com/kgisl/nsure/corresletters/dao/PrintSQL.java
",,UAT,INSBFOS-712,3/2/2023 11:24,Program Error
INSBFOS-1019,300259,Closed,7/3/2023 11:35,462587,20/3/2023 10:50,453228,[QUEST-7380/INSBFOS-1019] #Defect 8: The odometer image unable to find in EDMS.,Network blocking issue due to HTTP is not accessible,request infra for HTTPS firewall open,,UAT,INSBFOS-423,20/3/2023 10:50,Environment Error
INSBFOS-851,290779,Closed,16/2/2023 16:50,462587,14/3/2023 11:16,462587,[QUEST-7380/INSBFOS-851] #Defect 02: Diamond at premium tab vehicle number & motor premium details are blank,"Error:-

2023-02-17 16:54:47 INFO  motor - Exception while invoking rule engine :faultName: {

{http://docs.oasis-open.org/wsbpel/2.0/process/executable}
selectionFailure}
messageType: {

{http://schemas.oracle.com/bpel/extension}
RuntimeFaultMessage}

org.springframework.ws.soap.client.SoapFaultClientException: faultName: {

{http://docs.oasis-open.org/wsbpel/2.0/process/executable}
selectionFailure}
messageType: {

{http://schemas.oracle.com/bpel/extension}
RuntimeFaultMessage}

2023-02-17 16:54:47 INFO  motor - Affected vehicle number :WNJ342,
Current Thread :WebContainer : 5
2023-02-17 16:54:47 DEBUG motor - null
org.springframework.ws.soap.client.core.SoapFaultMessageResolver.resolveFault(SoapFaultMessageResolver.java:38)
Exception Cause :org.springframework.ws.soap.client.SoapFaultClientException: faultName: {

{http://docs.oasis-open.org/wsbpel/2.0/process/executable}
selectionFailure}
messageType: {

{http://schemas.oracle.com/bpel/extension}
RuntimeFaultMessage}",To be filled-up by developer upon fixes,,,INSBFOS-423,21/2/2023 10:40,Program Error
INSBFOS-848,290421,Rejected,15/2/2023 17:13,462587,20/2/2023 14:35,C002974,[QUEST-7380/INSBFOS-423] UAT Defect 01:Reference number not found in agent refer risk approval screen,To be filled-up by developer upon fixes,To be filled-up by developer upon fixes,,UAT,INSBFOS-423,,Program Error
INSBFOS-991,300482,Closed,7/3/2023 18:05,462502,13/3/2023 17:13,462502,[INSBFOS-723]#Defect 5: RRA as Extra Coverage Disappear after Cancel With Replacement   ,The below issue is related environment issue. We have found extra coverage table primary key column is not having auto generated sequence.,"We have fixed this issue by updating valid sequence number for extra coverage table and its working fine now.
You can retest this issue with new cover note and confirm.",,UAT,INSBFOS-723,13/3/2023 17:13,Program Error
INSBFOS-638,262215,Closed,9/12/2022 16:42,C003602,22/2/2023 21:11,C003602,[Quest-5086][INSBFOS-478] Defect 1 : Swagger not working ,opened firewall for this environment.,firewall not open,,,INSBFOS-478,22/2/2023 21:11,Program Error
INSBFOS-1194,335787,Closed,5/5/2023 16:07,453003,11/5/2023 14:32,C006616,[Quest 9617|INSBFOS-1194][REG] Wrong vehicle group and no area code send to GIS,"it was due to test env readiness between GIS and Diamond are not in sync, latest jar was not deployed on time. ",Vincent deployed the latest jar (refer to comment) which solved the issue. ,,,INSBFOS-941,11/5/2023 14:30,Program Error
INSBFOS-1129,322714,Closed,10/4/2023 11:46,C006588,15/4/2023 2:01,C006588,[QUEST-9617 / INSBFOS-1129 ] -Automation Defect 2 :  Vehicle Search Function text field replace Vehicle Make to Vehicle Make & Model in GLM ,Vehicle Search Function text field filled with Vehicle Make to Vehicle Make,Updated the file to fill Vehicle Make to Vehicle Make & Model,,UAT,INSBFOS-941,10/4/2023 12:15,Data mapping error
INSBFOS-1128,322703,Closed,10/4/2023 11:30,C006588,15/4/2023 2:01,C006588,[QUEST-9617 / INSBFOS-1128]- Automation Defect 1: Unable to click Motor icon in transaction page,Expect to click motor element but not available sometimes. ,Replace the old element to new element,,UAT,INSBFOS-941,10/4/2023 12:16,UI / Cosmetic
INSBBOS-451,308337,Closed,20/3/2023 14:26,C003602,20/3/2023 23:02,C003602,[QUEST-8914][INSBFOS-451]#Defect 4: Claim amount in details report,records output according the claims registration and adjustment count.,to group up the amount if same claims number,,UAT,INSBBOS-319,20/3/2023 23:02,Program Error
INSBFOS-1130,322539,Closed,10/4/2023 11:54,452730,15/4/2023 2:01,C006616,[QUEST-8319] GIP for 7 days for commercial car is not correct.,"After deployment, someone changed these values for commercial vehicle from '10' to '1' in regression environment DB for testing purpose. So that test case failed.",Kindly update the values (provided screenshot in comment section) in database as per business needs and retry.,,,INSBFOS-750,14/4/2023 9:12,Program Error
INSBFOS-64,188755,Closed,23/6/2022 10:00,198999,17/2/2023 16:28,198999,[Production Issue] Cancel cover note _ BLH9166 & BLH2999 ,"Endorsement of there CN was set status of DISAPPROVED, system shall allow user to make cancellation but unable to perform due to error occurred in system.","Permanent solution : We had found the root cause and provided the fixes testing in REGRESSION now 

Workaround solution : We will request DBA to change the Cover Note status from DISAPPROVED >> CANCELLED status, so that system able to recognize the endorsement is unavailable and allow user to continue with CN cancellation.",,,,17/2/2023 16:28,Program Error
INSBFOS-711,270998,Closed,9/1/2023 9:13,C003602,22/2/2023 14:38,C003602,[Quest-5589][INSBFOS-162]#Defect 10: Unable to receive Mail to customer when cove note generate with refer risk,,"The below reported Item is fixed and committed in mentioned branch. Kindly take latest check and confirm.

         Branch Name :  release/rc-1.50.0-12DEC2022

         File list:
            Database/PACKAGE/PKG_MOTOR_SCHEDULE.sql",,Operation Readiness Test (ORT),INSBFOS-162,22/2/2023 14:38,Program Error
INSBBOS-428,300270,Closed,7/3/2023 12:00,407699,21/7/2023 9:26,407699,[BAU-Production Support] Vehicle no auto updated as NA for new registration cn ,The trailer number is not changed to 'NA' while changing the cover note type to new registration.,"The trailer number is changed to 'NA', while the cover note type is changed to ""new registration"".",,,,21/7/2023 9:26,Program Error
INSBFOS-992,300731,Closed,7/3/2023 22:07,C003602,11/3/2023 2:02,C003602,[Quest-5589][INSBFOS-162]#Defect 20: Incorrect cover note status when MPGS void fail  ," The program logic issued to find out the days difference between payment date and JPJ Status Received date having logical error and returned negative value. So, mail    format 2 is not triggered.",The program logic has been modified to find exact days difference between payment date and JPJ Status Received date. Now able to receive client mail as expected.,,Operation Readiness Test (ORT),INSBFOS-162,10/3/2023 14:20,Program Error
INSBBOS-519,349308,New,29/5/2023 11:50,198999,6/6/2023 17:09,459546,[Production Issue] WU 4202 - Motorist Plan A-No Sum Insured appear in vehicle and summary screen,To be filled-up by developer upon fixes,To be filled-up by developer upon fixes,,,,,Program Error
INSBFOS-457,251912,Closed,15/11/2022 12:20,C003520,29/11/2022 11:19,453228,[QUEST-5521/INSBFOS-186] Diamond Motor JPJ status is Blank after CN cancelled,status update condition missing the handling for this reported issue.,"Changes in the code level, to modify the status update condition",,UAT,INSBFOS-186,29/11/2022 10:30,Program Error
INSBBOS-128,224829,Closed,15/9/2022 17:09,461632,5/10/2022 8:44,461632,[QUEST-5323/INSBBOS-89] Defect 01: prestige PA integration error from Diamond to GIS,The issue is due to patch script prepared for cover details table is not match with the Product setup,The issue is due to patch script prepared for cover details table is not match with the Product setup. I have corrected the patch script and executed in Regression database,,UAT,INSBBOS-89,20/9/2022 17:37,Program Error
INSBBOS-572,373603,New,21/7/2023 9:38,407699,28/7/2023 9:27,407699,[BAU- Diamond Production] system prompt decline risk for trailer SI less than 50K,For trailer cases as the system incorrectly validated with the Sum Insured (0.0) instead of Trailer Sum in transaction with the Flex guide Sum Insured setup.,"For trailer cases, Trailer sum is considered for validating with the Flex guide Sum Insured setup.",,,,,Program Error
INSBFOS-1067,308748,Closed,20/3/2023 21:50,452730,25/3/2023 2:01,C006616,[BUG#2] Batch job for 30b 35b and 40b not functioning,Issue with Jenkins job fixed. Please check now,Jenkins job fixed. Please check now,,UAT,INSBFOS-862,24/3/2023 17:34,Others
INSBFOS-1321,350186,Closed,30/5/2023 17:21,462587,3/6/2023 2:01,462587,[QUEST-11670/INSBFOS-1321] #Defect 3: Incorrect Policy Number display in Endorsement Enquiry GIS,it was due to duplicated endt number found and it was caused by the endorsement cover note sequence number out of range in Diamond,Ranjith had reset the sequence number in Diamond. ,,Operation Readiness Test (ORT),INSBFOS-1188,1/6/2023 11:46,Program Error
INSBFOS-1016,298535,Closed,2/3/2023 17:13,462587,15/3/2023 8:51,462587,[QUEST-7380/INSBFOS-1016] #Defect 06: MSV Shared API WS04 does not meet expected result ,"Based on the MOTOR_SAVER_APPROVAL_CUTOFF_DATE configured in EIS_GENERAL_PARAMETERS table, mandatory validation will be applied for odometer reading, entitled mileage and final mileage.","The issue is fixed and committed in the branch 'rhbi_profile4_UAT_121_9446_QUEST-7380_MSV_19Jan2023'.

File list:
motor/ApplicationSource/src/main/java/com/kgisl/nsure/transaction/services/MotorServiceImpl.java",,UAT,INSBFOS-423,10/3/2023 16:53,Parameter/Setup Error
INSBFOS-1332,355421,Closed,7/6/2023 17:44,463020,6/7/2023 16:42,463020,"[QUEST-7246/INSBFOS-1332] #Defect 4: ""Convert to Cover Note"" button is enabled in the Premium Tab of Quotation",FRS mentioned different behavior from the actual result,KG have updated the FRS,,UAT,INSBFOS-643,26/6/2023 19:55,Requirement Error
INSBFOS-1327,354132,Closed,6/6/2023 16:08,462883,13/6/2023 17:51,453228,[Quest-5849/INSBFOS-450/INSBFOS-1327]Defect 02: Menu Name Not Changed ,scipt not execute in selected environment.,Execute UPDATE script to rename the menu label.,,UAT,INSBFOS-450,13/6/2023 17:51,Program Error
INSBBOS-72,211375,New,17/8/2022 8:04,407699,17/8/2022 8:04,401181,[Production Support] Agent unable to check float balance in diamond system ,,,,,,,Program Error
INSBBOS-454,311614,Closed,24/3/2023 9:13,407699,10/7/2023 10:11,407699,"[BAU-Production Support]cover note cancellation successful, but cn status still show as APPROVED","When processing the jpj status, the CHR CN PROCESSED IND is not updated in ""EIS TRN CN CANCEL JPJ STATUS.""","When processing the jpj status, the CHR CN PROCESSED IND is updated in ""EIS TRN CN CANCEL JPJ STATUS.""",,,,10/7/2023 10:11,Program Error
INSBBOS-23,195597,New,13/7/2022 8:43,407699,13/7/2022 8:43,401181,[Production Support]Error during FWCMS response data processing,,,,,,,
INSBBOS-492,337384,New,9/5/2023 10:42,407699,26/6/2023 15:38,199622,[BAU-Production Support] unable to perform alternative payment- AKS9182 ,Duplicate join exists in the query which is invoked during Alternate payment save.,Removed the duplicate join for the non motor tables.,,,,,Program Error
INSBBOS-458,315607,Closed,30/3/2023 9:15,407699,21/7/2023 9:26,407699,[BAU-Production Support] no cancellation print/ after issue cancellation endorsement for IG and FW policy,"After issuing cancellation endorsement for IG and FW policy, the cover note status is updated to Cancelled. As the cover notes with Approved and Submitted status are only displayed in Document tab, the Policy Cancellation Endorsements are not displayed.",Handled to display the Policy Cancellation Endorsements in Document tab.,,,,21/7/2023 9:26,Program Error
INSBBOS-429,300275,Closed,7/3/2023 12:36,407699,21/7/2023 9:25,407699,"[BAU-Production Support] endorsement cancellation successful, but endorsement status still show as APPROVED","As the cancellation request was sent twice, the cover note status was reverted from 'Cancelled'. and Patch provided at the moment",Fixed released on 9th Mar to regression,,,,21/7/2023 9:25,Program Error
INSBBOS-82,213928,New,22/8/2022 13:01,407699,22/8/2022 13:02,401181,[Production Support] undeclared payment report didn’t loadall the undeclared endorsement cn ,,,,,,,Program Error
INSBBOS-574,373763,Review In progress,21/7/2023 12:43,407699,21/7/2023 13:32,401181,[BAU- Diamond Production]motor endt POI is computed extra 1day,To be filled-up by developer upon fixes,To be filled-up by developer upon fixes,,,,,Program Error
INSBFOS-1337,358031,Closed,12/6/2023 19:08,462962,23/6/2023 22:33,462962,[QUEST-7246/INSBFOS-1337] #Defect 8: Payment Reminder Email/SMS not received on last day allowed for payment before CBC Block,"This issue due to both wars (Old and New) were concurrently working, because of this deployment problem in CBC UAT Environment Payment Reminder Email/SMS function is not working Properly. For eg. Old & New war pointing to same DB datasource. In new war, we have given fix but at the same time Old war running its own method which conflicted and destroyed the purpose of new war fix. That particular cbc method/behavior in old war causing this issue.",Checked in server level and fixed by removing old war and retained new war in CBC UAT Environment now Payment Reminder Email/SMS function is working fine.,,UAT,INSBFOS-643,23/6/2023 22:33,Program Error
INSBBOS-389,291152,Review In progress,17/2/2023 9:24,407699,27/3/2023 14:03,199622,[BAU-Production Support] OR not integrate due to PM1448748,To be filled-up by developer upon fixes,To be filled-up by developer upon fixes,,,,,Program Error
INSBBOS-28,198956,Closed,18/7/2022 9:59,198753,4/8/2022 14:23,401181,Online Insurance and White Label are not in responsive to smaller screen size [mobile].,the styling is causing the issue.,By updating the styling.,,,,4/8/2022 14:23,Design Error
INSBFOS-1137,323829,Closed,11/4/2023 19:34,C006588,15/4/2023 2:01,C006588,[QUEST-9617 / INSBFOS-1137] - Defect 13 : Incorrect After Deployment GLM premium calculation for Taxi Comprehensive and TPFT.,Incorrect model group code referred during the extraction of rating values against pricing serial number.,Modified the program to send the appropriate model group code against the pricing serial no.,,UAT,INSBFOS-941,12/4/2023 14:13,Parameter/Setup Error
INSBFOS-1499,381901,Assigned,9/8/2023 14:45,C003602,9/8/2023 16:51,C003602,[QUEST-4324/INSBFOS-1499] #Defect 1: Unable to Integrate to GIS,To be filled-up by developer upon fixes,To be filled-up by developer upon fixes,,UAT,INSBFOS-58,,Environment Error
INSBBOS-31,199531,New,19/7/2022 9:46,407699,19/7/2022 9:46,401181,[Production Support] Request for API Additional Documents and Server Whitelist Request,,,,,,,
INSBFOS-17,173722,Closed,10/5/2022 11:05,C002974,28/2/2023 11:38,C002974,INSBFOS-8 TS01 - testing,for testing purpose,for testing purpose,,UAT,,28/2/2023 11:38,
